-- MySQL dump 10.13  Distrib 8.0.28, for Win64 (x86_64)
--
-- Host: 127.0.0.1    Database: hotel
-- ------------------------------------------------------
-- Server version	8.0.28

/*!40101 SET @OLD_CHARACTER_SET_CLIENT=@@CHARACTER_SET_CLIENT */;
/*!40101 SET @OLD_CHARACTER_SET_RESULTS=@@CHARACTER_SET_RESULTS */;
/*!40101 SET @OLD_COLLATION_CONNECTION=@@COLLATION_CONNECTION */;
/*!50503 SET NAMES utf8mb4 */;
/*!40103 SET @OLD_TIME_ZONE=@@TIME_ZONE */;
/*!40103 SET TIME_ZONE='+00:00' */;
/*!40014 SET @OLD_UNIQUE_CHECKS=@@UNIQUE_CHECKS, UNIQUE_CHECKS=0 */;
/*!40014 SET @OLD_FOREIGN_KEY_CHECKS=@@FOREIGN_KEY_CHECKS, FOREIGN_KEY_CHECKS=0 */;
/*!40101 SET @OLD_SQL_MODE=@@SQL_MODE, SQL_MODE='NO_AUTO_VALUE_ON_ZERO' */;
/*!40111 SET @OLD_SQL_NOTES=@@SQL_NOTES, SQL_NOTES=0 */;

--
-- Table structure for table `account`
--

DROP TABLE IF EXISTS `account`;
/*!40101 SET @saved_cs_client     = @@character_set_client */;
/*!50503 SET character_set_client = utf8mb4 */;
CREATE TABLE `account` (
  `id` int NOT NULL AUTO_INCREMENT,
  `uuid` varchar(36) DEFAULT NULL,
  `name` varchar(25) DEFAULT NULL,
  `avatar` varchar(255) DEFAULT 'https://hotel-1313882515.cos.ap-guangzhou.myqcloud.com/user_avatar/default.jpg',
  `email` varchar(64) DEFAULT NULL,
  `password` varchar(64) DEFAULT NULL,
  `status` int DEFAULT '0',
  `created` datetime DEFAULT NULL,
  `lastLogin` datetime DEFAULT CURRENT_TIMESTAMP,
  `IdNum` bigint DEFAULT '0',
  `phone` varchar(15) DEFAULT NULL,
  `sex` int DEFAULT NULL,
  `age` tinyint DEFAULT NULL,
  `accountType` tinyint DEFAULT NULL,
  `accountCredit` int DEFAULT '0' COMMENT '积分',
  PRIMARY KEY (`id`),
  UNIQUE KEY `uuid` (`uuid`),
  UNIQUE KEY `name` (`name`),
  UNIQUE KEY `phone` (`phone`)
) ENGINE=InnoDB AUTO_INCREMENT=181 DEFAULT CHARSET=utf8mb3;
/*!40101 SET character_set_client = @saved_cs_client */;

--
-- Dumping data for table `account`
--

LOCK TABLES `account` WRITE;
/*!40000 ALTER TABLE `account` DISABLE KEYS */;
INSERT INTO `account` VALUES (1,'1a152aa9-5c00-4c0b-b41f-4060ae528d37','markerhub','https://image-1300566513.cos.ap-guangzhou.myqcloud.com/upload/images/5a9f48118166308daba8b6da7e466aab.jpg','2722525993@qq.com','96e79218965eb72c92a549dd5a330112',0,'2022-10-08 20:41:06','2022-10-08 20:41:06',0,'17841902161',0,0,0,69),(2,'181714de-e514-4f79-948e-b2602dd57a05','huang','https://hotel-1313882515.cos.ap-guangzhou.myqcloud.com/8ead87caeccd44ed9aa4192da6d089bf.jpg','2722525994@qq.com','e10adc3949ba59abbe56e057f20f883e',0,'2022-10-14 20:56:25','2022-10-14 20:56:25',0,'17841902162',1,20,0,0),(13,'250fb0c3-1a49-424b-8b38-f29f90f55917','Dexter huang','https://hotel-1313882515.cos.ap-guangzhou.myqcloud.com/like-icon/hotellike.jpg','120118281@mail.sustech.edu.cn','e10adc3949ba59abbe56e057f20f883e',0,'2022-10-12 16:52:38','2022-10-12 16:52:38',0,'17841902461',1,0,0,0),(14,'57c77597-7b4c-4b66-8256-de22f72ae8ff','Dexter huang2','','12011821@mail.sustech.edu.cn','2016addd',1,'2022-10-12 17:22:57','2022-10-12 17:22:57',0,'17841902179',0,0,0,0),(15,'49e32e91-ca15-473b-a496-57bc072512b5','Dexter huang3','','12011812@mail.sustech.edu.cn','11111111',0,'2022-10-12 17:23:51','2022-10-12 17:23:51',0,'17841902174',0,0,0,0),(30,'a2a3d9e0-2fb0-4ed7-9b3b-a96df685e02c','Dexter huang4','https://hotel-1313882515.cos.ap-guangzhou.myqcloud.com/user_avatar/default.jpg','12011828@mail.sustech.edu.cn','156898989419',0,'2022-10-14 18:31:56','2022-10-14 18:31:56',0,'17841903169',1,0,0,0),(31,'6ff9cf17-7f53-4ed9-9c30-a122ee1e285d','Dexter huang111111','https://hotel-1313882515.cos.ap-guangzhou.myqcloud.com/user_avatar/default.jpg','1228@mail.sustech.edu.cn','59592631949',0,'2022-10-14 19:14:04','2022-10-14 19:14:04',0,'15231903161',0,56,0,0),(32,'7d1fd58f-ee58-4a9e-b7c6-af6ab63609f5','Dexterhuang20','https://hotel-1313882515.cos.ap-guangzhou.myqcloud.com/user_avatar/default.jpg','828@mail.sustech.edu.cn','444444444',1,'2022-10-14 19:22:39','2022-10-14 19:22:39',0,'17841123456',0,21,0,0),(34,'3e2f4656-a50e-4c1b-aed1-2763c7e9caad','huangDexter ','https://hotel-1313882515.cos.ap-guangzhou.myqcloud.com/user_avatar/default.jpg','18120128@mail.sustech.edu.cn','46466660',1,'2022-10-14 18:45:10','2022-10-14 18:45:10',0,'18419072161',1,21,0,0),(35,'11c17565-4219-475d-b65b-89e930862d46','Dexter huang18','https://hotel-1313882515.cos.ap-guangzhou.myqcloud.com/user_avatar/default.jpg','11201828@mail.sustech.edu.cn','464646d4fds',0,'2022-10-14 19:22:19','2022-10-14 19:22:19',0,'17216841901',1,51,0,0),(37,'463ddbfb-70ec-4faa-8ee3-5f15cf961a86','markerhub520','https://image-1300566513.cos.ap-guangzhou.myqcloud.com/upload/images/5a9f48118166308daba8b6da7e466aab.jpg','520520@qq.com','9db06bcff9248837f86d1a6bcf41c9e7',0,'2022-10-12 20:41:06','2022-10-15 13:17:15',0,'1842902161',0,0,0,0),(38,'3a7cee7b-c5f6-44d3-aba9-de4108ea5fce','huang520','https://hotel-1313882515.cos.ap-guangzhou.myqcloud.com/8ead87caeccd44ed9aa4192da6d089bf.jpg','2722525993@qq.com','2da16a0152d1abebe2cda9e14f3334eb',0,'2022-10-14 20:56:25','2022-10-15 13:17:15',0,'1841902162',1,20,0,0),(39,'62831c62-b490-4909-a0d4-b2d3bd559df6','Dexter huang520','','120118281@mail.sustech.edu.cn','83874f188013eafd80680256ffffe129',0,'2022-10-12 16:52:38','2022-10-15 13:17:15',0,'1841902461',1,0,0,0),(40,'7b3b4ef3-e6d0-4ff3-bfd8-1451337b738c','Dexter huang2520','','12011821@mail.sustech.edu.cn','9b9d6de0fb5b4dc33445d6a338d1b9b3',1,'2022-10-12 17:22:57','2022-10-15 13:17:15',0,'1841902179',0,0,0,0),(41,'0e88ca9e-2134-46e1-9e16-5c1a92cd1c56','Dexter huang3520','','12011812@mail.sustech.edu.cn','1bbd886460827015e5d605ed44252251',0,'2022-10-12 17:23:51','2022-10-15 13:17:15',0,'1841902174',0,0,0,0),(162,'87dd4864-3f9b-4677-ba2e-115e9ab522f6','markerhub521','https://image-1300566513.cos.ap-guangzhou.myqcloud.com/upload/images/5a9f48118166308daba8b6da7e466aab.jpg','520520@qq.com','9db06bcff9248837f86d1a6bcf41c9e7',0,'2022-10-12 20:41:06','2022-10-15 14:23:11',0,'1842902162',0,0,0,0),(163,'99fd0fa0-ebfa-4434-a84a-ef17c0ad3633','huang521','https://hotel-1313882515.cos.ap-guangzhou.myqcloud.com/8ead87caeccd44ed9aa4192da6d089bf.jpg','2722525992@qq.com','2da16a0152d1abebe2cda9e14f3334eb',0,'2022-10-14 20:56:25','2022-10-15 14:23:11',0,'1841902182',1,20,0,0),(164,'5fd691c4-12a2-4508-8fd2-ee2304db29e2','Dexter huang521','','120118281@mail.sustech.edu.cn','83874f188013eafd80680256ffffe129',0,'2022-10-12 16:52:38','2022-10-15 14:23:11',0,'1841502461',1,0,0,0),(165,'db950137-3f4c-41b5-9102-588ae8981a11','Dexter huang2521','','12011821@mail.sustech.edu.cn','9b9d6de0fb5b4dc33445d6a338d1b9b3',1,'2022-10-12 17:22:57','2022-10-15 14:23:11',0,'1841982179',0,0,0,0),(167,'e35fbbad-9fbe-4481-8dd0-77b57e858292','hhhhh2','','2722525994@qq.com','123456',0,NULL,'2022-10-31 17:47:19',0,'17598565123',1,56,0,0),(168,'ba092b7a-f088-497d-ab0d-a2dc03d43185','hhhhh3','','2722525994@qq.com','123456',0,NULL,'2022-10-31 17:48:21',0,'17598565124',1,56,0,0),(169,'3b31696e-d126-49ce-99c0-30974cacd63b','hhhhh5','','2722525994@qq.com','123456',0,NULL,'2022-10-31 17:49:53',0,'17598565125',1,56,0,0),(170,'8d945fd0-ee38-481a-acec-87611fc2a43c','hhhhh6','','2722525994@qq.com','123456',0,NULL,'2022-10-31 17:50:23',0,'17598565126',1,56,0,0),(171,'4bf7c1de-a0fb-44dd-b8f7-771e9833dd58','hhhhh27','','2722525994@qq.com','123456',0,NULL,'2022-11-10 10:52:33',0,'17598565128',1,56,0,0),(172,'2192109a-6061-425e-9403-f94fc9ba435b','hhhhh29','','2722525994@qq.com','123456',0,NULL,'2022-11-10 10:55:21',0,'17556890123',1,56,0,0),(173,'18a6dc11-3367-4cad-8371-d6c57792e8b1','hhhhh277','','2722525994@qq.com','123456',0,NULL,'2022-11-10 10:57:17',0,'17598571230',1,56,0,0),(174,'ccfbf93f-b2a3-413f-b66f-5bfd801a535c','h288','','2722525994@qq.com','e10adc3949ba59abbe56e057f20f883e',0,NULL,'2022-11-10 11:00:47',0,'17598565000',1,56,0,0),(175,'2dbb34b5-0c6d-4ab0-a7c3-2b5f97cb6b99','h289','','2722525994@qq.com','e10adc3949ba59abbe56e057f20f883e',0,NULL,'2022-11-10 11:10:19',0,'17598565189',1,56,0,0),(177,'7e406126-bcbf-4f61-a1d0-42163df530bd','h290','','2722525994@qq.com','e10adc3949ba59abbe56e057f20f883e',0,NULL,'2022-11-10 11:16:15',0,'17598565129',1,56,0,0),(178,'5d7391e7-02c3-44de-ad2a-41365f7065d3','h291','https://hotel-1313882515.cos.ap-guangzhou.myqcloud.com/user_avatar/default.jpg','2722525994@qq.com','f1887d3f9e6ee7a32fe5e76f4ab80d63',0,NULL,'2022-11-10 11:18:34',0,'17599165123',1,56,0,0),(179,'92aef953-43c2-485b-b7f9-ade6cb8a2c0c','h292','https://hotel-1313882515.cos.ap-guangzhou.myqcloud.com/dc54251e73f0481bb1cec5644a82fac5.jpg','2722525994@qq.com','e10adc3949ba59abbe56e057f20f883e',0,NULL,'2022-11-10 11:21:22',0,'17598565192',1,56,0,0),(180,'5657dd26-e751-4732-904a-18ccbbe21c54','h321','https://hotel-1313882515.cos.ap-guangzhou.myqcloud.com/49554ea893a54393aca9d897a6bd1963.jpg','2722525994@qq.com','e10adc3949ba59abbe56e057f20f883e',0,NULL,'2022-11-15 23:09:13',0,'17812345612',1,23,1,0);
/*!40000 ALTER TABLE `account` ENABLE KEYS */;
UNLOCK TABLES;

--
-- Table structure for table `banner`
--

DROP TABLE IF EXISTS `banner`;
/*!40101 SET @saved_cs_client     = @@character_set_client */;
/*!50503 SET character_set_client = utf8mb4 */;
CREATE TABLE `banner` (
  `id` bigint NOT NULL AUTO_INCREMENT,
  `hotelId` int DEFAULT NULL,
  `url` varchar(500) COLLATE utf8mb4_unicode_ci DEFAULT NULL COMMENT '酒店轮播图',
  PRIMARY KEY (`id`)
) ENGINE=InnoDB AUTO_INCREMENT=5 DEFAULT CHARSET=utf8mb4 COLLATE=utf8mb4_unicode_ci;
/*!40101 SET character_set_client = @saved_cs_client */;

--
-- Dumping data for table `banner`
--

LOCK TABLES `banner` WRITE;
/*!40000 ALTER TABLE `banner` DISABLE KEYS */;
INSERT INTO `banner` VALUES (1,2,'https://hotel-1313882515.cos.ap-guangzhou.myqcloud.com/coupon/HotellBanner/1.jpg'),(2,2,'https://hotel-1313882515.cos.ap-guangzhou.myqcloud.com/coupon/HotellBanner/13.jpg'),(3,2,'https://hotel-1313882515.cos.ap-guangzhou.myqcloud.com/coupon/HotellBanner/3.jpg'),(4,2,'https://hotel-1313882515.cos.ap-guangzhou.myqcloud.com/coupon/HotellBanner/9.jpg');
/*!40000 ALTER TABLE `banner` ENABLE KEYS */;
UNLOCK TABLES;

--
-- Table structure for table `bill`
--

DROP TABLE IF EXISTS `bill`;
/*!40101 SET @saved_cs_client     = @@character_set_client */;
/*!50503 SET character_set_client = utf8mb4 */;
CREATE TABLE `bill` (
  `id` bigint NOT NULL AUTO_INCREMENT,
  `uuid` varchar(36) DEFAULT NULL,
  `accountId` int DEFAULT NULL COMMENT '预订accountId',
  `accountName` varchar(25) DEFAULT NULL COMMENT '用户姓名',
  `accountPhone` varchar(20) DEFAULT NULL,
  `hotelId` int DEFAULT NULL,
  `roomTitle` varchar(25) DEFAULT NULL,
  `roomCount` int DEFAULT NULL,
  `roomPrice` float(5,2) DEFAULT NULL,
  `status` tinyint DEFAULT '0' COMMENT '订单状态，0新建未支付，1已预订，2已入住(支付押金)，3已完成支付未评价，4已完成支付已评价 5已退款',
  `createTime` datetime DEFAULT CURRENT_TIMESTAMP COMMENT '订单创建时间',
  `arriveTime` datetime DEFAULT NULL COMMENT '预计到店时间',
  `payTime` datetime DEFAULT NULL COMMENT '支付时间',
  `payChanel` tinyint DEFAULT '0' COMMENT '支付渠道:0 支付宝，1微信',
  `billNo` varchar(50) DEFAULT NULL COMMENT '支付宝交易凭证号',
  `extraInfo` varchar(500) DEFAULT '' COMMENT '账单补充信息',
  `seckillEventTitle` varchar(50) DEFAULT NULL COMMENT '秒杀活动标题',
  `roomNo` int DEFAULT '0' COMMENT '房间号',
  PRIMARY KEY (`id`)
) ENGINE=InnoDB AUTO_INCREMENT=133 DEFAULT CHARSET=utf8mb3;
/*!40101 SET character_set_client = @saved_cs_client */;

--
-- Dumping data for table `bill`
--

LOCK TABLES `bill` WRITE;
/*!40000 ALTER TABLE `bill` DISABLE KEYS */;
INSERT INTO `bill` VALUES (1,'4333b0f8-5278-4125-9b7d-c2b044ac428b',2,'huang','17841902162',1,'实惠双人房',NULL,20.00,1,'2022-10-29 20:59:01',NULL,NULL,0,NULL,'Seckill Bill',NULL,0),(2,'2203b5f1-b615-40b3-a4cb-7e73459f8ead',2,'huang','17841902162',1,'实惠双人房',NULL,20.00,1,'2022-10-29 21:04:52',NULL,NULL,0,NULL,'Seckill Bill',NULL,0),(3,'fca28757-155d-4dbf-bcc7-4478edd6711c',2,'huang','17841902162',1,'实惠双人房',NULL,20.00,1,'2022-10-29 21:05:15',NULL,NULL,0,NULL,'Seckill Bill',NULL,0),(4,'f21efcdb-c681-4023-8e64-5b8f9be3a84f',2,'huang','17841902162',1,'实惠双人房',NULL,20.00,1,'2022-10-29 21:07:00',NULL,NULL,0,NULL,'Seckill Bill',NULL,0),(5,'7a3d8b6c-fe30-4143-b7cd-5f6927ec113b',2,'huang','17841902162',1,'实惠双人房',NULL,20.00,1,'2022-10-29 21:07:41',NULL,NULL,0,NULL,'Seckill Bill',NULL,0),(6,'dd79e9c1-85e4-4325-ad58-7af3a7926645',2,'huang','17841902162',1,'实惠双人房',NULL,20.00,1,'2022-10-29 21:13:37',NULL,NULL,0,NULL,'Seckill Bill',NULL,0),(7,'1d7124eb-7239-4d7f-b0b4-93db4b40f549',2,'huang','17841902162',1,'实惠双人房',NULL,20.00,1,'2022-10-29 21:23:14',NULL,NULL,0,NULL,'Seckill Bill',NULL,0),(8,'18f71360-d79e-414a-a8cc-dc4906978cec',2,'huang','17841902162',1,'实惠双人房',NULL,20.00,1,'2022-10-29 21:55:11',NULL,NULL,0,NULL,'Seckill Bill',NULL,0),(9,'7d7fdb6e-b475-4510-b5a8-6f0b45dabcc1',2,'huang','17841902162',1,'实惠双人房',NULL,20.00,1,'2022-10-29 22:00:01',NULL,NULL,0,NULL,'Seckill Bill',NULL,0),(10,'49405970-a0f2-44b7-8558-68e77a7ba0c1',2,'huang','17841902162',1,'实惠双人房',NULL,20.00,1,'2022-10-29 22:03:57',NULL,NULL,0,NULL,'Seckill Bill',NULL,0),(11,'599f40ad-53ae-4ff9-a095-e53664f0b5a0',2,'huang','17841902162',1,'实惠双人房',NULL,20.00,1,'2022-10-29 22:04:42',NULL,NULL,0,NULL,'Seckill Bill',NULL,0),(12,'865edde1-50bc-4855-a328-6886f5b08e36',2,'huang','17841902162',1,'实惠双人房',NULL,20.00,1,'2022-10-29 22:05:28',NULL,NULL,0,NULL,'Seckill Bill',NULL,0),(13,'be798248-7e3d-4572-8854-e1010eebda8c',2,'huang','17841902162',1,'实惠双人房',1,20.00,0,'2022-10-29 22:25:16',NULL,NULL,0,NULL,'Seckill Bill',NULL,0),(14,'320bba1e-231e-4307-aecd-4bacc684f587',2,'huang','17841902162',1,'实惠双人房',1,20.00,0,'2022-10-29 22:25:40',NULL,NULL,0,NULL,'Seckill Bill',NULL,0),(15,'566cff82-eb27-4ae9-bb06-fd0987ec6f92',2,'huang','17841902162',1,'实惠双人房',1,20.00,0,'2022-10-29 22:26:37',NULL,NULL,0,NULL,'Seckill Bill',NULL,0),(16,'621217da-2d53-4687-a714-d8acc4032ec6',2,'huang','17841902162',1,'实惠双人房',1,20.00,0,'2022-10-29 22:29:54',NULL,NULL,0,NULL,'Seckill Bill',NULL,0),(17,'335c17ce-1af9-41d9-9053-6ed3b9aa6890',2,'huang','17841902162',1,'实惠双人房',1,20.00,0,'2022-10-29 22:30:21',NULL,NULL,0,NULL,'Seckill Bill',NULL,0),(18,'b075b520-cc5f-4578-804f-e8dfed78a121',2,'huang','17841902162',1,'实惠双人房',1,20.00,0,'2022-10-29 22:40:56',NULL,NULL,0,NULL,'Seckill Bill',NULL,0),(19,'6457597d-1352-4d49-9b18-e7cb9ec39184',2,'huang','17841902162',1,'实惠双人房',1,20.00,1,'2022-10-29 22:56:07',NULL,'2022-10-29 22:56:39',0,'2022102922001409430501965921','Seckill Bill',NULL,0),(20,'844695bb-296f-4d77-8539-5c884d7175bd',2,'huang','17841902162',1,'实惠双人房',1,20.00,0,'2022-10-29 22:59:40',NULL,NULL,0,NULL,'Seckill Bill',NULL,0),(21,'34f0802f-d96c-4bac-b351-732452339156',2,'huang','17841902162',1,'实惠双人房',1,20.00,0,'2022-10-29 23:00:45',NULL,NULL,0,NULL,'Seckill Bill',NULL,0),(22,'ae7d0363-9f3f-4c40-8f32-2504e44dda08',2,'huang','17841902162',1,'实惠双人房',1,20.00,0,'2022-10-29 23:01:27',NULL,NULL,0,NULL,'Seckill Bill',NULL,0),(23,'eb269ff4-69d7-43fa-ae06-02907252b3e8',2,'huang','17841902162',1,'实惠双人房',1,20.00,1,'2022-10-29 23:03:02',NULL,'2022-10-29 23:03:32',0,'2022102922001409430501966119','Seckill Bill','kkk',0),(24,'0dbdf7b0-6399-4bb7-8c69-95cc0f43d544',2,'huang','17841902162',1,'实惠双人房',1,20.00,0,'2022-10-29 23:34:35',NULL,NULL,0,NULL,'Seckill Bill','kkk',0),(25,'8b2f6392-90d1-4578-802d-8310a89dbfc5',2,'huang','17841902162',1,'实惠双人房',1,20.00,0,'2022-10-30 00:22:39',NULL,NULL,0,NULL,'Seckill Bill','kkk',0),(26,'631ee4bd-30be-4f2c-8c6c-474f2e2b455b',2,'huang','17841902162',1,'实惠双人房',1,20.00,0,'2022-10-30 00:23:04',NULL,NULL,0,NULL,'Seckill Bill','kkk',0),(27,'29452697-9cc2-4bc2-850c-e8ad319d769c',2,'huang','17841902162',1,'实惠双人房',1,20.00,4,'2022-10-30 00:23:21',NULL,NULL,0,NULL,'Seckill Bill','kkk',0),(28,'01ed8a0c-daf7-4620-a2f1-6c4e9b914da3',2,'huang','17841902162',1,'实惠双人房',1,20.00,0,'2022-10-30 00:24:06',NULL,NULL,0,NULL,'Seckill Bill','kkk',0),(29,'636c4ac8-c59e-460c-98a5-de6afe86a377',2,'huang','17841902162',1,'豪华双人房',1,200.00,0,'2022-10-30 01:18:05',NULL,NULL,0,NULL,'Normal Bill','',4),(30,'4fd72e82-6830-4687-b629-af353363654c',2,'huang','17841902162',1,'豪华双人房',1,200.00,0,'2022-10-30 01:19:56',NULL,NULL,0,NULL,'Normal Bill','',0),(40,'1f90473b-3367-4387-a072-17980640b916',1,'markerhub','17841902161',2,'实惠双人房',1,50.00,1,'2022-11-02 15:18:01',NULL,'2022-11-02 15:18:37',0,'2022110222001409430501967080','Normal Bill','',0),(41,'09030e8f-dac4-42d1-8970-c2b9a913f50e',1,'markerhub','17841902161',2,'实惠双人房',1,50.00,0,'2022-11-06 15:21:23',NULL,NULL,0,NULL,'Normal Bill','',0),(42,'429d66c3-7c59-4764-abe5-a32024005d53',1,'markerhub','17841902161',2,'豪华双人房',1,200.00,0,'2022-11-11 21:12:10',NULL,NULL,0,NULL,'Normal Bill','',0),(43,'c849a8d8-ae16-49c4-994e-ffd8ddab7a84',1,'markerhub','17841902161',2,'豪华双人房',1,200.00,0,'2022-11-14 22:58:09',NULL,NULL,0,NULL,'Normal Bill','',0),(44,'11881379-5e21-43a9-81fc-82a225f7db41',1,'markerhub','17841902161',2,'豪华双人房',1,200.00,0,'2022-11-14 23:08:14',NULL,NULL,0,NULL,'Normal Bill','',0),(45,'afa26867-7383-4afa-a51e-820cf9d2cebb',1,'黄明朗','17841902161',2,'实惠双人房',1,50.00,0,'2022-11-14 23:36:04','2022-11-28 16:00:00',NULL,0,NULL,'Normal Bill','',0),(46,'f2029e0a-8faf-45cd-8721-2a209734ec64',1,'黄明朗','17841902161',2,'实惠双人房',1,50.00,1,'2022-11-14 23:37:00','2022-11-14 16:00:00','2022-11-14 15:37:52',0,'2022111422001409430501972432','Normal Bill','',0),(47,'afc3fcc6-d1e7-4196-b1ae-ab9957ddade3',1,'黄明朗','17841902161',2,'实惠双人房',1,50.00,0,'2022-11-14 23:46:08','2022-11-14 16:00:00',NULL,0,NULL,'Normal Bill','',0),(48,'a01341ce-32f8-4534-a24b-4045aaf6537e',1,'黄明朗','17841902161',2,'实惠双人房',1,50.00,0,'2022-11-14 23:47:42','2022-11-21 16:00:00',NULL,0,NULL,'Normal Bill','',0),(49,'c7500f76-faf1-4c7a-91ea-da9cc77aab9a',1,'黄明朗','17841902161',2,'实惠双人房',1,50.00,0,'2022-11-14 23:48:56','2022-11-14 16:00:00',NULL,0,NULL,'Normal Bill','',0),(50,'dc603405-4d7f-43a8-87af-8bf44a972353',1,'黄明朗','17841902161',2,'豪华双人房',1,150.00,0,'2022-11-15 02:12:01','2022-11-15 16:00:00',NULL,0,NULL,'Seckill Bill','jjjj',0),(51,'951b3abd-6ed8-487d-914c-a03578846aa5',1,'markerhub','17841902161',2,'豪华双人房',1,150.00,0,'2022-11-15 02:14:33','2022-11-15 16:00:00',NULL,0,NULL,'Seckill Bill','jjjj',0),(52,'4589b606-b70d-4015-9c77-57b71e0b579a',1,'黄明朗','10086',2,'豪华双人房',1,150.00,1,'2022-11-15 02:17:41','2022-11-15 16:00:00','2022-11-14 18:18:06',0,'2022111522001409430501972438','Seckill Bill','jjjj',0),(53,'a7e91905-c700-461c-9628-b11799430851',1,'黄明朗','17841902161',2,'豪华双人房',1,150.00,1,'2022-11-15 02:19:33','2022-11-16 16:00:00','2022-11-14 18:20:03',0,'2022111522001409430501972752','Seckill Bill','jjjj',0),(54,'9b364164-f5ad-4063-8fc6-afb712559a9a',1,'哈哈哈哈哈','10086',2,'豪华双人房',1,150.00,0,'2022-11-15 02:20:52','2022-11-15 16:00:00',NULL,0,NULL,'Seckill Bill','jjjj',0),(55,'b4072e9e-1c39-43e6-ba4f-836458e5fd43',1,'黄明朗','17598565129',2,'豪华双人房',1,150.00,0,'2022-11-15 02:22:08','2022-11-23 16:00:00',NULL,0,NULL,'Seckill Bill','jjjj',0),(56,'3c61fede-7c61-4a66-837d-01e0def9b091',1,'黄明朗','17841902161',2,'豪华双人房',1,200.00,1,'2022-11-17 12:05:05','2022-11-17 16:00:00','2022-11-17 04:05:37',0,'2022111722001409430501973686','Normal Bill','',0),(57,'8f9ff99a-44d0-4b32-bf2c-4c73a8de8ce3',1,'黄明朗','17841902161',2,'豪华双人房',1,200.00,1,'2022-11-17 12:06:45','2022-11-17 16:00:00','2022-11-17 04:07:10',0,'2022111722001409430501973852','Normal Bill','',0),(58,'977920ba-9a4d-484e-8815-c28e34f1b5d4',1,'黄明朗','17841902161',2,'豪华双人房',1,150.00,1,'2022-11-17 12:14:12','2022-11-17 16:00:00','2022-11-17 04:14:34',0,'2022111722001409430501973687','Seckill Bill','jjjj',0),(59,'f3809661-4df5-42ab-b9a6-7dc8031dc6f6',1,'黄明朗','17841902161',2,'豪华双人房',1,200.00,0,'2022-11-17 20:07:28','2022-11-17 16:00:00',NULL,0,NULL,'Normal Bill','',101),(60,'f2999678-45ed-4418-be3e-c753b033a4da',1,'黄明朗','17841902161',2,'豪华双人房',1,200.00,1,'2022-11-17 20:07:28','2022-11-17 16:00:00','2022-11-17 12:07:51',0,'2022111722001409430501973694','Normal Bill','',101),(61,'5e341447-ffa8-41d4-9000-cb17e641a648',1,'hml','17841902161',2,'实惠双人房',1,50.00,1,'2022-11-17 20:20:24','2022-11-17 16:00:00','2022-11-17 12:21:00',0,'2022111722001409430501974175','Normal Bill','',102),(62,'7d1c9c8c-900b-48a9-a9be-b37fb28c15d0',1,'黄明朗','17841902161',2,'实惠双人房',1,20.00,1,'2022-11-17 20:31:58','2022-11-17 16:00:00','2022-11-17 12:32:30',0,'2022111722001409430501973858','Seckill Bill','kkk',303),(63,'bdc6c87b-5f92-41fc-ae9f-4e7c220dbc28',1,'黄明朗','17841902161',2,'实惠双人房',1,50.00,1,'2022-06-17 20:37:48','2022-11-17 16:00:00','2022-11-17 12:38:16',0,'2022111722001409430501973859','Normal Bill','',103),(64,'575083dd-9992-43b4-a934-c8ee0eee9736',1,'黄明朗','17841902161',2,'实惠双人房',1,20.00,1,'2022-07-17 20:40:00','2022-11-17 16:00:00','2022-11-17 12:40:31',0,'2022111722001409430501974176','Seckill Bill','kkk',301),(65,'2b0df673-d173-49d5-abb6-ff78f81c3282',1,'黄明朗','17841902161',2,'豪华双人房',1,200.00,0,'2022-08-17 22:56:52','2022-11-17 16:00:00',NULL,0,NULL,'Normal Bill','',302),(66,'b6e59992-1548-459b-bbe7-69b52d476b98',1,'黄明朗','17841902161',2,'豪华双人房',1,200.00,0,'2022-09-17 23:06:01','2022-12-04 16:00:00',NULL,0,NULL,'Normal Bill','',201),(67,'c889feb8-2595-4c5f-821c-c2cad22caf47',1,'hml ','1222',2,'豪华双人房',1,200.00,0,'2022-10-17 23:09:24','2022-11-05 16:00:00',NULL,0,NULL,'Normal Bill','',202),(68,'7d051791-701b-4d4c-a4f0-6e8cd8e775fc',1,'hml','4455',2,'豪华双人房',1,200.00,0,'2022-10-17 23:21:51','2022-11-22 16:00:00',NULL,0,NULL,'Normal Bill','',203),(69,'6509fe07-e79b-4cc5-bd0b-f2f94e9ad850',1,'8989','17841902161',2,'豪华双人房',1,200.00,0,'2022-11-17 23:24:26','2022-11-23 16:00:00',NULL,0,NULL,'Normal Bill','',101),(70,'54290864-9f87-4aa4-bf2b-c688fd57fd5f',1,'8989','17841902161',2,'豪华双人房',1,200.00,0,'2022-11-17 23:24:26','2022-11-23 16:00:00',NULL,0,NULL,'Normal Bill','',101),(71,'070ae3b8-e286-4914-aaaf-95fc1c86463e',1,'j','44',2,'豪华双人房',1,200.00,0,'2022-11-17 23:26:38','2022-11-29 16:00:00',NULL,0,NULL,'Normal Bill','',102),(72,'3ca8c37e-c1bd-4ba6-a41d-37de4d2d5c6a',1,'qq','1',2,'豪华双人房',1,200.00,0,'2022-11-17 23:27:40','2022-11-28 16:00:00',NULL,0,NULL,'Normal Bill','',103),(73,'771b5937-4962-47df-bca7-be4d385cc97e',1,'rr','11',2,'豪华双人房',1,200.00,0,'2022-11-17 23:28:21','2022-11-28 16:00:00',NULL,0,NULL,'Normal Bill','',301),(74,'50f564f6-33fd-4712-8036-6f7a6178eef9',1,'11','11',2,'豪华双人房',1,200.00,0,'2022-11-17 23:29:15','2022-11-22 16:00:00',NULL,0,NULL,'Normal Bill','',302),(75,'d584160a-a48e-4c46-9f5f-99894c7524ce',1,'44','12',2,'豪华双人房',1,200.00,0,'2022-11-17 23:31:31','2022-11-19 16:00:00',NULL,0,NULL,'Normal Bill','',303),(76,'1654f621-70ce-4f18-b9d9-7a745268cc9b',1,'qq','123',2,'豪华双人房',1,200.00,0,'2022-11-17 23:36:22','2022-11-28 16:00:00',NULL,0,NULL,'Normal Bill','',201),(77,'b93135bd-9841-43bc-a9d6-0c06e8799be9',1,'11','11',2,'豪华双人房',1,200.00,0,'2022-11-17 23:39:43','2022-11-27 16:00:00',NULL,0,NULL,'Normal Bill','',202),(78,'ac5dc1f1-37bd-441e-83b1-7440ec333543',1,'11','11',2,'豪华双人房',1,200.00,0,'2022-11-17 23:40:17','2022-11-14 16:00:00',NULL,0,NULL,'Normal Bill','',203),(79,'5a637f77-c9dc-4f2d-b1b4-f9769ece1567',1,'aa','11',2,'豪华双人房',1,200.00,0,'2022-11-17 23:41:14','2022-11-21 16:00:00',NULL,0,NULL,'Normal Bill','',101),(80,'624be2b9-ae52-4143-bea0-c925e9fa7006',1,'44','44',2,'豪华双人房',1,200.00,0,'2022-11-17 23:48:10','2022-11-27 16:00:00',NULL,0,NULL,'Normal Bill','',102),(81,'bae208ae-a0e7-4e9a-859d-9e715695743b',1,'qq','12',2,'豪华双人房',1,200.00,0,'2022-11-17 23:52:33','2022-11-19 16:00:00',NULL,0,NULL,'Normal Bill','',103),(82,'bc6a0661-7fcc-4abc-bda9-ee771f39f340',1,'qq','11',2,'豪华双人房',1,200.00,0,'2022-11-17 23:53:32','2022-11-28 16:00:00',NULL,0,NULL,'Normal Bill','',301),(83,'22c08138-2dc2-4cb6-9a59-d460d2acd52f',1,'11','22',2,'豪华双人房',1,200.00,1,'2022-11-18 00:03:30','2022-11-28 16:00:00','2022-11-17 16:03:52',0,'2022111822001409430501973865','Normal Bill','',201),(87,'091b9df6-b9f7-495e-88ca-d6e6bc96b41b',1,'11','11',2,'实惠双人房',1,20.00,1,'2022-11-18 00:11:54','2022-11-25 16:00:00','2022-11-17 16:12:15',0,'2022111822001409430501974179','Seckill Bill','kkk',303),(90,'5d7146bf-536f-417a-8148-9da96f8b1e45',1,'11','11',2,'实惠双人房',1,50.00,0,'2022-11-18 00:22:44','2022-11-23 16:00:00',NULL,0,NULL,'Normal Bill','',103),(106,'a9d7ffe0-2bea-4308-9110-6a6260381be1',1,'黄明朗','17841902161',2,'实惠双人房',1,50.00,0,'2022-11-29 01:02:06','2022-11-29 16:00:00',NULL,0,NULL,'Normal Bill','',301),(107,'fe1cb487-fd93-45e3-ae70-443d7e0bdaed',1,'黄明朗','17841902161',2,'实惠双人房',1,50.00,2,'2022-11-29 01:07:41','2022-12-07 16:00:00','2022-11-28 17:08:28',0,'2022112922001409430501979931','Normal Bill','',302),(108,'d37ad77d-c5fe-4f2a-bb0c-54d06ad7674f',1,'黄明朗','17841902161',2,'实惠双人房',1,20.00,2,'2022-11-29 01:11:59','2022-11-29 16:00:00','2022-11-28 17:13:35',0,'2022112922001409430501979932','Seckill Bill','kkk',303),(109,'d511bcda-57cc-4b72-a625-bce9b9aa6c58',1,'黄明朗','17841902161',2,'实惠双人房',1,50.00,1,'2022-11-29 01:37:24','2022-11-29 16:00:00','2022-11-28 17:37:49',0,'2022112922001409430501979934','Normal Bill','',201),(110,'dfdc3c17-e025-4ad3-8b4b-c38bcd3bc3f3',1,'黄明朗','17841902161',2,'实惠双人房',1,50.00,1,'2022-11-29 01:39:59','2022-11-29 16:00:00','2022-11-28 17:40:25',0,'2022112922001409430501979797','Normal Bill','',201),(111,'02b166c9-2b74-41af-8385-2fd096f4d9ee',1,'黄明朗','17841902161',2,'实惠双人房',1,50.00,1,'2022-11-29 01:41:46','2022-12-08 16:00:00','2022-11-28 17:42:04',0,'2022112922001409430501979798','Normal Bill','',202),(112,'b27a789a-41f9-4f7a-94c7-a585993203fa',1,'黄明朗','17841902161',2,'实惠双人房',1,50.00,1,'2022-11-29 01:46:41','2022-12-08 16:00:00','2022-11-28 17:46:59',0,'2022112922001409430501980073','Normal Bill','',203),(114,'28011d0e-f924-457a-9622-c57ccd2440ad',1,'黄明朗','17841902161',2,'实惠双人房',1,50.00,1,'2022-11-29 01:58:37','2022-12-09 16:00:00','2022-11-28 17:58:52',0,'2022112922001409430501980074','Normal Bill','',202),(115,NULL,1,'黄明朗','17841902161',2,'平价单人房',1,50.00,1,'2022-10-01 18:59:26',NULL,NULL,0,NULL,'',NULL,301),(116,NULL,NULL,NULL,NULL,NULL,'平价单人房',NULL,NULL,0,'2022-10-01 19:01:30',NULL,NULL,0,NULL,'',NULL,0),(117,'b1db4605-0e24-407b-9733-46e0c9e0c4d1',1,'黄明朗','17841902161',2,'豪华双人房',1,200.00,0,'2022-12-02 06:12:25','2022-12-29 16:00:00',NULL,0,NULL,'Normal Bill','',202),(118,'1b680580-7586-4c7c-95eb-6d47040fb04e',1,'黄明朗','17841902161',2,'豪华双人房',1,200.00,0,'2022-12-02 06:17:31','2022-12-30 16:00:00',NULL,0,NULL,'Normal Bill','',203),(119,'ace67ef1-9267-4894-b8f9-6adce27f3ef4',1,'黄明朗','17841902161',2,'实惠双人房',1,50.00,0,'2022-12-02 06:24:52','2022-12-27 16:00:00',NULL,0,NULL,'Normal Bill','',101),(120,'28c0d4a8-6aba-4c8d-81b5-9d64c273d145',1,'黄明朗','17841902161',2,'实惠双人房',1,50.00,0,'2022-12-02 06:59:44','2023-01-06 16:00:00',NULL,0,NULL,'Normal Bill','',202),(121,'cce60ea7-60ab-4f5e-aaef-5892892b9204',1,'黄明朗','17841902161',2,'实惠双人房',1,50.00,0,'2022-12-02 07:21:56','2022-12-29 16:00:00',NULL,0,NULL,'Normal Bill','',203),(122,'165a5830-96bb-4e44-87e0-4b7f21d3001e',1,'黄明朗','17841902161',2,'实惠双人房',1,50.00,1,'2022-12-02 07:32:57','2022-12-14 16:00:00','2022-12-01 23:35:43',0,'0c19e02c46e340c5992df0781d6fa2fe','Normal Bill','',202),(123,'ca2e2030-90ca-49be-ba45-38f1fb04973a',1,'黄明朗','17841902161',2,'豪华双人房',1,200.00,2,'2022-12-02 07:36:37','2022-12-20 16:00:00','2022-12-02 00:14:28',0,'8e828586add2412a83580bfa0795e85a','Normal Bill','',203),(124,'2138fea8-defe-4253-8729-6692d91f7c79',1,'hml ','17841902161',2,'豪华双人房',1,200.00,2,'2022-12-02 08:18:17','2022-12-27 16:00:00','2022-12-02 00:25:43',0,'2fca6687b1bc45df90de21215114a78f','Normal Bill','',202),(125,'6bf82e56-f318-440b-994e-68b17c7d0e43',1,'黄明朗','17841902161',2,'实惠双人房',1,20.00,0,'2022-12-02 08:28:18','2022-12-27 16:00:00',NULL,0,NULL,'Seckill Bill','kkk',203),(126,'d31a9c24-172f-46bf-8cfb-680e98c751f7',1,'黄明朗','17841902161',2,'实惠双人房',1,20.00,0,'2022-12-02 08:28:23','2022-12-27 16:00:00',NULL,0,NULL,'Seckill Bill','kkk',101),(127,'2b0c05a6-1ab3-4e9b-b771-771e303620b7',1,'黄明朗','17841902161',2,'实惠双人房',1,20.00,0,'2022-12-02 08:28:24','2022-12-27 16:00:00',NULL,0,NULL,'Seckill Bill','kkk',102),(128,'ecfc6b31-ec89-4333-8dae-029083774b50',1,'黄明朗','17841902161',2,'实惠双人房',1,20.00,2,'2022-12-02 08:29:01','2022-12-27 16:00:00','2022-12-02 00:29:17',0,'211fa175496a457ea2f953cb7bfc76d4','Seckill Bill','kkk',302),(129,'14e92b80-1597-42b8-8b3c-1fea58f5df37',1,'黄明朗','17841902161',2,'实惠双人房',1,50.00,2,'2022-12-02 08:30:10','2022-12-20 16:00:00','2022-12-02 00:30:22',0,'f4c7c75760ae4512911853797e35bba1','Normal Bill','',202),(130,'b8b100b1-f4ac-4232-b466-b3a6129bc7d8',1,'黄明朗','17841902161',2,'实惠双人房',1,20.00,0,'2022-12-02 08:35:05','2022-12-11 16:00:00',NULL,0,NULL,'Seckill Bill','kkk',203),(131,'e2bbf32e-0184-4d1a-badb-9552e7a28d42',1,'黄明朗','17841902161',2,'实惠双人房',1,20.00,2,'2022-12-02 08:37:16','2022-12-04 16:00:00','2022-12-02 00:37:31',0,'e42eb953484b47f0acbbcf20bcb2c04e','Seckill Bill','kkk',203),(132,'d6237dbd-0887-4b31-bd9e-295643ca6271',1,'黄明朗','17841902161',2,'实惠双人房',1,20.00,2,'2022-12-02 08:53:57','2022-12-27 16:00:00','2022-12-02 00:54:18',0,'9c35919d10944d498cf5e4c74451a12e','Seckill Bill','kkk',101);
/*!40000 ALTER TABLE `bill` ENABLE KEYS */;
UNLOCK TABLES;

--
-- Table structure for table `bill_record`
--

DROP TABLE IF EXISTS `bill_record`;
/*!40101 SET @saved_cs_client     = @@character_set_client */;
/*!50503 SET character_set_client = utf8mb4 */;
CREATE TABLE `bill_record` (
  `id` bigint NOT NULL AUTO_INCREMENT COMMENT '酒店房间住户信息记录ID',
  `uuid` varchar(36) DEFAULT NULL COMMENT '关联bill的uuid',
  `billId` bigint DEFAULT NULL COMMENT '关联bill主键ID',
  `userName` varchar(10) DEFAULT NULL COMMENT '住户姓名',
  `userIdNum` bigint DEFAULT NULL COMMENT '住户身份证',
  `userPhone` bigint DEFAULT NULL COMMENT '住户手机号码',
  `roomNo` int DEFAULT NULL,
  `startTime` datetime DEFAULT CURRENT_TIMESTAMP,
  `endTime` datetime DEFAULT NULL,
  PRIMARY KEY (`id`)
) ENGINE=InnoDB DEFAULT CHARSET=utf8mb3;
/*!40101 SET character_set_client = @saved_cs_client */;

--
-- Dumping data for table `bill_record`
--

LOCK TABLES `bill_record` WRITE;
/*!40000 ALTER TABLE `bill_record` DISABLE KEYS */;
/*!40000 ALTER TABLE `bill_record` ENABLE KEYS */;
UNLOCK TABLES;

--
-- Table structure for table `coupon`
--

DROP TABLE IF EXISTS `coupon`;
/*!40101 SET @saved_cs_client     = @@character_set_client */;
/*!50503 SET character_set_client = utf8mb4 */;
CREATE TABLE `coupon` (
  `id` int NOT NULL AUTO_INCREMENT,
  `name` varchar(50) DEFAULT NULL COMMENT '优惠券名字',
  `description` varchar(200) DEFAULT NULL COMMENT '优惠券内容',
  `stock` int DEFAULT NULL COMMENT '优惠券库存',
  `discount` float(5,2) DEFAULT NULL COMMENT '优惠券折扣',
  `decrement` float(5,2) DEFAULT '0.00' COMMENT '减免金额',
  `minMoney` float(5,2) DEFAULT NULL COMMENT '优惠券最小金额',
  `couponType` int DEFAULT '0' COMMENT '优惠券类型 0折扣优惠券 1减免优惠券',
  `status` int DEFAULT '0' COMMENT '优惠券状态 0正常 1过期 2下架',
  `hotelId` int DEFAULT '-1' COMMENT '-1表示所有酒店均可用 否则酒店专用',
  `roomStockId` int DEFAULT '-1' COMMENT '-1表示所有房间均可用 否则房间专用',
  `duration` int DEFAULT NULL COMMENT '优惠券有效期',
  `startTime` datetime DEFAULT CURRENT_TIMESTAMP COMMENT '开始时间',
  `endTime` datetime DEFAULT CURRENT_TIMESTAMP COMMENT '结束时间',
  `img` varchar(250) DEFAULT 'https://hotel-1313882515.cos.ap-guangzhou.myqcloud.com/coupon/coupon.png' COMMENT '优惠券封面',
  PRIMARY KEY (`id`)
) ENGINE=InnoDB AUTO_INCREMENT=10 DEFAULT CHARSET=utf8mb4 COLLATE=utf8mb4_0900_ai_ci;
/*!40101 SET character_set_client = @saved_cs_client */;

--
-- Dumping data for table `coupon`
--

LOCK TABLES `coupon` WRITE;
/*!40000 ALTER TABLE `coupon` DISABLE KEYS */;
INSERT INTO `coupon` VALUES (1,'费用减免券','酒店通用',50,0.50,20.00,1.00,0,0,-1,-1,1,'2022-11-09 22:00:00','2022-12-12 10:20:41','https://hotel-1313882515.cos.ap-guangzhou.myqcloud.com/coupon/coupon.png'),(2,'费用减免券','test2',100,0.85,20.00,1.00,1,0,2,-1,NULL,'2022-11-09 13:53:08','2022-12-12 13:53:10','https://hotel-1313882515.cos.ap-guangzhou.myqcloud.com/coupon/coupon.png'),(3,'费用减免券',NULL,NULL,NULL,20.00,1.00,0,0,2,-1,NULL,'2022-11-09 13:53:20','2022-12-12 13:53:28','https://hotel-1313882515.cos.ap-guangzhou.myqcloud.com/coupon/coupon.png'),(4,'费用减免券',NULL,NULL,NULL,20.00,1.00,0,0,2,-1,NULL,'2022-11-09 13:53:22','2022-12-12 13:53:34','https://hotel-1313882515.cos.ap-guangzhou.myqcloud.com/coupon/coupon.png'),(5,'费用减免券',NULL,NULL,NULL,20.00,1.00,0,0,2,-1,NULL,'2022-11-09 13:53:23','2022-12-12 13:53:37','https://hotel-1313882515.cos.ap-guangzhou.myqcloud.com/coupon/coupon.png'),(6,'费用减免券','维嘉酒店专用券',6,0.60,20.00,1.00,1,0,2,-1,NULL,'2022-11-09 13:53:27','2022-12-12 13:53:40','https://hotel-1313882515.cos.ap-guangzhou.myqcloud.com/coupon/coupon.png'),(7,'费用减免券',NULL,NULL,NULL,20.00,1.00,0,0,2,-1,NULL,'2022-11-09 13:53:25','2022-12-12 13:53:43','https://hotel-1313882515.cos.ap-guangzhou.myqcloud.com/coupon/coupon.png'),(8,'费用减免券',NULL,NULL,NULL,20.00,1.00,0,0,2,-1,NULL,NULL,NULL,'https://hotel-1313882515.cos.ap-guangzhou.myqcloud.com/coupon/coupon.png'),(9,'费用减免券',NULL,NULL,NULL,NULL,1.00,0,0,2,-1,NULL,NULL,NULL,'https://hotel-1313882515.cos.ap-guangzhou.myqcloud.com/coupon/coupon.png');
/*!40000 ALTER TABLE `coupon` ENABLE KEYS */;
UNLOCK TABLES;

--
-- Table structure for table `coupon_user`
--

DROP TABLE IF EXISTS `coupon_user`;
/*!40101 SET @saved_cs_client     = @@character_set_client */;
/*!50503 SET character_set_client = utf8mb4 */;
CREATE TABLE `coupon_user` (
  `id` bigint NOT NULL AUTO_INCREMENT,
  `accountId` bigint NOT NULL COMMENT '用户ID',
  `couponId` bigint NOT NULL COMMENT '优惠券ID',
  `status` tinyint DEFAULT '0' COMMENT '使用状态, 如果是0则未使用；如果是1则已使用；如果是2则已过期；如果是3则已经下架；',
  `usedTime` datetime DEFAULT NULL COMMENT '使用时间',
  `billId` varchar(36) DEFAULT '-1' COMMENT '订单UUID',
  PRIMARY KEY (`id`)
) ENGINE=InnoDB AUTO_INCREMENT=3351 DEFAULT CHARSET=utf8mb4 COLLATE=utf8mb4_0900_ai_ci COMMENT='优惠券用户使用表';
/*!40101 SET character_set_client = @saved_cs_client */;

--
-- Dumping data for table `coupon_user`
--

LOCK TABLES `coupon_user` WRITE;
/*!40000 ALTER TABLE `coupon_user` DISABLE KEYS */;
INSERT INTO `coupon_user` VALUES (137,1,6,0,NULL,'-1'),(138,1,1,0,NULL,'b1db4605-0e24-407b-9733-46e0c9e0c4d1'),(2629,-7375330590636057613,1,0,NULL,'-1'),(2630,5597723131397956650,1,0,NULL,'-1'),(2631,-4794920658082274338,1,0,NULL,'-1'),(2632,1632211639896393936,1,0,NULL,'-1'),(2633,-4177516722703545529,1,0,NULL,'-1'),(2634,-5286682058604346064,1,0,NULL,'-1'),(2635,-1866939408274445967,1,0,NULL,'-1'),(2636,-3709549237272940757,1,0,NULL,'-1'),(2637,4779722581747222402,1,0,NULL,'-1'),(2638,-5679080885427609282,1,0,NULL,'-1'),(2639,-2857780176516672663,1,0,NULL,'-1'),(2640,-4806601710849935876,1,0,NULL,'-1'),(2641,-2688795722860838547,1,0,NULL,'-1'),(2642,-8091301115109420145,1,0,NULL,'-1'),(2643,-8450957404401539626,1,0,NULL,'-1'),(2644,2334764149531598542,1,0,NULL,'-1'),(2645,2055923784449143694,1,0,NULL,'-1'),(2646,-2122041158941710252,1,0,NULL,'-1'),(2647,6370771731740185947,1,0,NULL,'-1'),(2648,2489840994339796491,1,0,NULL,'-1'),(2649,-7561303516407548970,1,0,NULL,'-1'),(2650,3872699774067164587,1,0,NULL,'-1'),(2651,635771558084807529,1,0,NULL,'-1'),(2652,1320827411571246056,1,0,NULL,'-1'),(2653,-5884139283323717781,1,0,NULL,'-1'),(2654,2765258429563303828,1,0,NULL,'-1'),(2655,-6937025734097705624,1,0,NULL,'-1'),(2656,-3805421454494449126,1,0,NULL,'-1'),(2657,1325551846900708721,1,0,NULL,'-1'),(2658,664035467811727216,1,0,NULL,'-1'),(2659,-2975993186358587184,1,0,NULL,'-1'),(2660,-5200405142162833629,1,0,NULL,'-1'),(2661,-7943266985403928210,1,0,NULL,'-1'),(2662,4445225992679085803,1,0,NULL,'-1'),(2663,9112228649820219451,1,0,NULL,'-1'),(2664,8672870670101416157,1,0,NULL,'-1'),(2665,-5119934577936690325,1,0,NULL,'-1'),(2666,6115133295919787114,1,0,NULL,'-1'),(2667,-3327870625334380706,1,0,NULL,'-1'),(2668,7140195882425387753,1,0,NULL,'-1'),(2669,8692601256569775998,1,0,NULL,'-1'),(2670,8438286702736747171,1,0,NULL,'-1'),(2671,4080213424333580734,1,0,NULL,'-1'),(2672,2260908210498225587,1,0,NULL,'-1'),(2673,1313255524000800861,1,0,NULL,'-1'),(2674,-6487994902044522022,1,0,NULL,'-1'),(2675,8899562027255663446,1,0,NULL,'-1'),(2676,-2162181522740400167,1,0,NULL,'-1'),(2677,-1938969185694941773,1,0,NULL,'-1'),(2678,5653421648108066256,1,0,NULL,'-1'),(2679,-939571700650817934,1,0,NULL,'-1'),(2680,-2392296863140203577,1,0,NULL,'-1'),(2681,-1085842062888642129,1,0,NULL,'-1'),(2682,-2518491912928482692,1,0,NULL,'-1'),(2683,6246485965105834222,1,0,NULL,'-1'),(2684,-5621185697081570290,1,0,NULL,'-1'),(2685,-7041403571982113182,1,0,NULL,'-1'),(2686,1788567626236401935,1,0,NULL,'-1'),(2687,3350158046835325811,1,0,NULL,'-1'),(2688,-7473681219479180915,1,0,NULL,'-1'),(2689,-2717730905958782015,1,0,NULL,'-1'),(2690,-4435162246890987647,1,0,NULL,'-1'),(2691,7619484563534977144,1,0,NULL,'-1'),(2692,1897175304452793758,1,0,NULL,'-1'),(2693,-562432353333394774,1,0,NULL,'-1'),(2694,3806109850637675206,1,0,NULL,'-1'),(2695,5020994496475974226,1,0,NULL,'-1'),(2696,670827554391053583,1,0,NULL,'-1'),(2697,6741176590281356090,1,0,NULL,'-1'),(2698,8872977220304849636,1,0,NULL,'-1'),(2699,8339559198747736410,1,0,NULL,'-1'),(2700,-4644838499729259838,1,0,NULL,'-1'),(2701,141916261167083244,1,0,NULL,'-1'),(2702,-3321191622245328299,1,0,NULL,'-1'),(2703,5011974528425745920,1,0,NULL,'-1'),(2704,2117435829904387095,1,0,NULL,'-1'),(2705,-3722579710365416416,1,0,NULL,'-1'),(2706,-8655942392975408645,1,0,NULL,'-1'),(2707,-6970272085860362908,1,0,NULL,'-1'),(2708,3367835825134201963,1,0,NULL,'-1'),(2709,-749555628567847221,1,0,NULL,'-1'),(2710,4106403719171275695,1,0,NULL,'-1'),(2711,-8126841028269158260,1,0,NULL,'-1'),(2712,-384415723633144142,1,0,NULL,'-1'),(2713,-69727387348630889,1,0,NULL,'-1'),(2714,-7397885854882973345,1,0,NULL,'-1'),(2715,-6810083802814017594,1,0,NULL,'-1'),(2716,1721640541102136632,1,0,NULL,'-1'),(2717,3358253734181047386,1,0,NULL,'-1'),(2718,1715407949390853149,1,0,NULL,'-1'),(2719,85557663055849884,1,0,NULL,'-1'),(2720,-6198896941423412165,1,0,NULL,'-1'),(2721,2574744698287967566,1,0,NULL,'-1'),(2722,-5226033194890134177,1,0,NULL,'-1'),(2723,2583525947339805976,1,0,NULL,'-1'),(2724,-6136672848457593797,1,0,NULL,'-1'),(2725,-2820575535772898911,1,0,NULL,'-1'),(2726,-8093701388340285490,1,0,NULL,'-1'),(2727,4948940164284040543,1,0,NULL,'-1'),(2728,-7427255781544052573,1,0,NULL,'-1'),(2729,-3289937869641514563,1,0,NULL,'-1'),(2730,2525745652605000544,1,0,NULL,'-1'),(2731,-872127653958167454,1,0,NULL,'-1'),(2732,3075180296913896685,1,0,NULL,'-1'),(2733,-3536405299670350116,1,0,NULL,'-1'),(2734,-3170093013544304377,1,0,NULL,'-1'),(2735,-4479352585213221614,1,0,NULL,'-1'),(2736,-3875039140430706550,1,0,NULL,'-1'),(2737,-3722790749323050561,1,0,NULL,'-1'),(2738,-5824224857381890953,1,0,NULL,'-1'),(2739,340237150523719293,1,0,NULL,'-1'),(2740,-3296693630646653786,1,0,NULL,'-1'),(2741,8158753802846374446,1,0,NULL,'-1'),(2742,7321315280801086741,1,0,NULL,'-1'),(2743,-388755794857281949,1,0,NULL,'-1'),(2744,6872448945838379367,1,0,NULL,'-1'),(2745,4774313809430705428,1,0,NULL,'-1'),(2746,733700139516973386,1,0,NULL,'-1'),(2747,3405155568923995317,1,0,NULL,'-1'),(2748,625758024885955390,1,0,NULL,'-1'),(2749,-6232521368262723781,1,0,NULL,'-1'),(2750,-9119697322104726650,1,0,NULL,'-1'),(2751,2534148879763383111,1,0,NULL,'-1'),(2752,-7752621435328320900,1,0,NULL,'-1'),(2753,-6918608776442389717,1,0,NULL,'-1'),(2754,-532973548272045505,1,0,NULL,'-1'),(2755,-3988503490297935894,1,0,NULL,'-1'),(2756,589061278940869056,1,0,NULL,'-1'),(2757,-9197585101298631719,1,0,NULL,'-1'),(2758,-985910273064642705,1,0,NULL,'-1'),(2759,-835722863167964166,1,0,NULL,'-1'),(2760,3580039664456314856,1,0,NULL,'-1'),(2761,-5572062483722055673,1,0,NULL,'-1'),(2762,9170517725459305209,1,0,NULL,'-1'),(2763,2246408530955106642,1,0,NULL,'-1'),(2764,6251496251715435979,1,0,NULL,'-1'),(2765,4259234211558886059,1,0,NULL,'-1'),(2766,-8789803834533792933,1,0,NULL,'-1'),(2767,5085759551988881768,1,0,NULL,'-1'),(2768,-2708921828128284953,1,0,NULL,'-1'),(2769,-3940560262977055967,1,0,NULL,'-1'),(2770,-8186504878794160635,1,0,NULL,'-1'),(2771,-1723784361193591613,1,0,NULL,'-1'),(2772,-5751520856456181647,1,0,NULL,'-1'),(2773,431419020510504618,1,0,NULL,'-1'),(2774,-9168972015377143649,1,0,NULL,'-1'),(2775,6715077263110518478,1,0,NULL,'-1'),(2776,5287354389602713125,1,0,NULL,'-1'),(2777,4179901658886885678,1,0,NULL,'-1'),(2778,8636744886182650736,1,0,NULL,'-1'),(2779,1465601443370797951,1,0,NULL,'-1'),(2780,5999085137136258230,1,0,NULL,'-1'),(2781,-8326690881259234030,1,0,NULL,'-1'),(2782,-5379877763434731415,1,0,NULL,'-1'),(2783,6586406199755314402,1,0,NULL,'-1'),(2784,-653186461444717948,1,0,NULL,'-1'),(2785,2457404577655261089,1,0,NULL,'-1'),(2786,4500509781127042911,1,0,NULL,'-1'),(2787,-4435790477642406440,1,0,NULL,'-1'),(2788,-6207379923904787802,1,0,NULL,'-1'),(2789,1581791555225931755,1,0,NULL,'-1'),(2790,1620205498022656086,1,0,NULL,'-1'),(2791,7375692458775559763,1,0,NULL,'-1'),(2792,-65620925486095713,1,0,NULL,'-1'),(2793,8094574432121606161,1,0,NULL,'-1'),(2794,-4906228616882918572,1,0,NULL,'-1'),(2795,-7324566741056761574,1,0,NULL,'-1'),(2796,440902844309036764,1,0,NULL,'-1'),(2797,4045055590244013763,1,0,NULL,'-1'),(2798,2428712492396132099,1,0,NULL,'-1'),(2799,968321370353922206,1,0,NULL,'-1'),(2800,-3201147624324589418,1,0,NULL,'-1'),(2801,4726748076827932638,1,0,NULL,'-1'),(2802,444290041775810626,1,0,NULL,'-1'),(2803,-7836697858556256646,1,0,NULL,'-1'),(2804,2853123173543617421,1,0,NULL,'-1'),(2805,-8613181331720614624,1,0,NULL,'-1'),(2806,7044436184161222146,1,0,NULL,'-1'),(2807,9121491934773051729,1,0,NULL,'-1'),(2808,-4979602853086289161,1,0,NULL,'-1'),(2809,-6105188681781552493,1,0,NULL,'-1'),(2810,6655420453863535013,1,0,NULL,'-1'),(2811,-6177718641014062478,1,0,NULL,'-1'),(2812,-702104656448992425,1,0,NULL,'-1'),(2813,6938283502339213264,1,0,NULL,'-1'),(2814,-3135718576324734586,1,0,NULL,'-1'),(2815,-2201809226058261195,1,0,NULL,'-1'),(2816,-4357451793157320754,1,0,NULL,'-1'),(2817,4341085970503356843,1,0,NULL,'-1'),(2818,1146737997574998694,1,0,NULL,'-1'),(2819,-816857192832356590,1,0,NULL,'-1'),(2820,3893760799006243236,1,0,NULL,'-1'),(2821,-6998837760899831831,1,0,NULL,'-1'),(2822,3679183198788039210,1,0,NULL,'-1'),(2823,-3359647279708117100,1,0,NULL,'-1'),(2824,3138146268058870299,1,0,NULL,'-1'),(2825,-2114467526426835364,1,0,NULL,'-1'),(2826,-510684345949356794,1,0,NULL,'-1'),(2827,-4807516252699863920,1,0,NULL,'-1'),(2828,-7864224434272353363,1,0,NULL,'-1'),(2829,-5914757880202277405,1,0,NULL,'-1'),(2830,7018143248198170378,1,0,NULL,'-1'),(2831,-2723269112427133682,1,0,NULL,'-1'),(2832,9051375755366054976,1,0,NULL,'-1'),(2833,-32793948625231,1,0,NULL,'-1'),(2834,962832328293583085,1,0,NULL,'-1'),(2835,4926507479851457166,1,0,NULL,'-1'),(2836,8230920820403502774,1,0,NULL,'-1'),(2837,5746268154002574314,1,0,NULL,'-1'),(2838,-6883647692062800744,1,0,NULL,'-1'),(2839,-3194662425037037782,1,0,NULL,'-1'),(2840,98660100047082396,1,0,NULL,'-1'),(2841,2947608734561793874,1,0,NULL,'-1'),(2842,372649739749632309,1,0,NULL,'-1'),(2843,-5841930831779659362,1,0,NULL,'-1'),(2844,5728515004090635992,1,0,NULL,'-1'),(2845,-4043487800576060011,1,0,NULL,'-1'),(2846,6865553866962883918,1,0,NULL,'-1'),(2847,2114899492046748031,1,0,NULL,'-1'),(2848,8872372072187432,1,0,NULL,'-1'),(2849,-4537113910569093013,1,0,NULL,'-1'),(2850,3167453821788441008,1,0,NULL,'-1');
/*!40000 ALTER TABLE `coupon_user` ENABLE KEYS */;
UNLOCK TABLES;

--
-- Table structure for table `gift_card`
--

DROP TABLE IF EXISTS `gift_card`;
/*!40101 SET @saved_cs_client     = @@character_set_client */;
/*!50503 SET character_set_client = utf8mb4 */;
CREATE TABLE `gift_card` (
  `id` int NOT NULL AUTO_INCREMENT,
  `credit` int DEFAULT '10' COMMENT '兑换礼品卡所需积分',
  `name` varchar(20) COLLATE utf8mb4_unicode_ci DEFAULT NULL COMMENT '礼品卡名字',
  `createTime` datetime DEFAULT CURRENT_TIMESTAMP,
  `endTime` datetime DEFAULT CURRENT_TIMESTAMP,
  `stock` int DEFAULT NULL COMMENT '库存',
  `img` varchar(250) COLLATE utf8mb4_unicode_ci DEFAULT 'https://hotel-1313882515.cos.ap-guangzhou.myqcloud.com/coupon/giftcard.png',
  `description` varchar(250) COLLATE utf8mb4_unicode_ci DEFAULT '',
  `type` int DEFAULT '0' COMMENT '礼品卡类型 0Royal主题卡 1实体经典卡 2商务答谢卡 3佳节祝福卡',
  PRIMARY KEY (`id`)
) ENGINE=InnoDB AUTO_INCREMENT=11 DEFAULT CHARSET=utf8mb4 COLLATE=utf8mb4_unicode_ci;
/*!40101 SET character_set_client = @saved_cs_client */;

--
-- Dumping data for table `gift_card`
--

LOCK TABLES `gift_card` WRITE;
/*!40000 ALTER TABLE `gift_card` DISABLE KEYS */;
INSERT INTO `gift_card` VALUES (1,2,'Royal礼品卡','2022-11-28 10:04:53','2022-12-28 10:04:56',8,'https://hotel-1313882515.cos.ap-guangzhou.myqcloud.com/coupon/giftcard.png','免费停车，叫醒服务，升级房型，教师节教师半价',0),(2,10,'Royal任我行卡','2022-11-29 23:14:30','2022-12-30 23:14:32',100,'https://hotel-1313882515.cos.ap-guangzhou.myqcloud.com/coupon/giftcard.png','免费停车，叫醒服务，升级房型，全国各地尊享伴手礼，机场接机',0),(3,10,'Royal任我游卡','2022-11-29 23:15:11','2022-12-30 23:15:14',50,'https://hotel-1313882515.cos.ap-guangzhou.myqcloud.com/coupon/giftcard.png','免费停车，叫醒服务，升级房型，全国各地尊享伴手礼，月饼大礼包',0),(4,10,'春节祝福卡','2022-11-29 23:17:22','2022-12-30 23:17:25',300,'https://hotel-1313882515.cos.ap-guangzhou.myqcloud.com/coupon/giftcard.png','免费停车，叫醒服务，升级房型，全国各地尊享伴手礼，新春大礼包，尊享大礼包',3),(5,10,'中秋团圆卡','2022-11-29 15:18:10','2022-12-30 15:18:14',19,'https://hotel-1313882515.cos.ap-guangzhou.myqcloud.com/coupon/giftcard.png','免费停车，叫醒服务，升级房型，全国各地尊享伴手礼',3),(6,10,'经典款实体卡','2022-11-29 15:20:18','2022-12-30 15:20:20',49,'https://hotel-1313882515.cos.ap-guangzhou.myqcloud.com/coupon/giftcard.png','免费停车，叫醒服务，升级房型，免费洗车',1),(7,10,'ThankU 实体卡','2022-11-29 15:21:02','2022-12-30 15:21:04',199,'https://hotel-1313882515.cos.ap-guangzhou.myqcloud.com/coupon/giftcard.png','免费停车，叫醒服务，升级房型，免费日光浴，免费洗车',1),(8,10,'师恩 实体卡','2022-11-29 23:21:35','2022-12-30 23:21:37',30,'https://hotel-1313882515.cos.ap-guangzhou.myqcloud.com/coupon/giftcard.png','免费停车，叫醒服务，升级房型，免费日光浴',1),(9,10,'商务答谢卡','2022-11-29 23:22:32','2022-12-30 23:22:34',300,'https://hotel-1313882515.cos.ap-guangzhou.myqcloud.com/coupon/giftcard.png','免费停车，叫醒服务，升级房型',2),(10,10,'合作愉快卡','2022-11-29 07:23:08','2022-12-30 07:23:10',298,'https://hotel-1313882515.cos.ap-guangzhou.myqcloud.com/coupon/giftcard.png','免费停车，叫醒服务，升级房型',2);
/*!40000 ALTER TABLE `gift_card` ENABLE KEYS */;
UNLOCK TABLES;

--
-- Table structure for table `gift_card_user`
--

DROP TABLE IF EXISTS `gift_card_user`;
/*!40101 SET @saved_cs_client     = @@character_set_client */;
/*!50503 SET character_set_client = utf8mb4 */;
CREATE TABLE `gift_card_user` (
  `id` int NOT NULL AUTO_INCREMENT,
  `giftCardId` int DEFAULT NULL COMMENT '礼品卡ID',
  `accountId` int DEFAULT NULL COMMENT '用户编号',
  `status` int DEFAULT '0' COMMENT '0表示未使用 1表示已使用',
  `usedTime` datetime DEFAULT NULL,
  `createTime` datetime DEFAULT CURRENT_TIMESTAMP COMMENT '获取时间',
  PRIMARY KEY (`id`)
) ENGINE=InnoDB AUTO_INCREMENT=9 DEFAULT CHARSET=utf8mb4 COLLATE=utf8mb4_unicode_ci;
/*!40101 SET character_set_client = @saved_cs_client */;

--
-- Dumping data for table `gift_card_user`
--

LOCK TABLES `gift_card_user` WRITE;
/*!40000 ALTER TABLE `gift_card_user` DISABLE KEYS */;
INSERT INTO `gift_card_user` VALUES (2,1,1,0,NULL,'2022-12-01 00:52:58'),(3,7,1,0,NULL,'2022-12-01 00:55:53'),(4,10,1,0,NULL,'2022-12-01 00:57:06'),(5,6,1,0,NULL,'2022-12-01 01:47:58'),(6,10,1,0,NULL,'2022-12-01 01:48:11'),(7,5,1,0,NULL,'2022-12-01 01:49:59'),(8,1,1,0,NULL,'2022-12-01 01:50:13');
/*!40000 ALTER TABLE `gift_card_user` ENABLE KEYS */;
UNLOCK TABLES;

--
-- Table structure for table `hotel`
--

DROP TABLE IF EXISTS `hotel`;
/*!40101 SET @saved_cs_client     = @@character_set_client */;
/*!50503 SET character_set_client = utf8mb4 */;
CREATE TABLE `hotel` (
  `id` int NOT NULL AUTO_INCREMENT,
  `hotelName` varchar(100) DEFAULT NULL,
  `address` varchar(255) DEFAULT NULL,
  `cityId` int DEFAULT NULL,
  `cityName` varchar(100) DEFAULT NULL,
  `areaId` int DEFAULT NULL,
  `areaName` varchar(100) DEFAULT NULL,
  `lat` float(7,4) DEFAULT NULL,
  `lng` float(7,4) DEFAULT NULL,
  `likeNum` int DEFAULT NULL,
  `description` varchar(500) DEFAULT NULL,
  `phone` varchar(15) DEFAULT NULL,
  `originalPrice` int DEFAULT NULL,
  `starlevel` int DEFAULT '4',
  `avgScore` float(2,1) DEFAULT '5.0',
  `positionScore` float(2,1) DEFAULT '5.0',
  `measurementScore` float(2,1) DEFAULT '5.0',
  `serviceScore` float(2,1) DEFAULT '5.0',
  `healthScore` float(2,1) DEFAULT '5.0',
  `hotelImg` varchar(255) DEFAULT 'https://hotel-1313882515.cos.ap-guangzhou.myqcloud.com/user_avatar/default.jpg',
  `hotelLikeStatus` int DEFAULT '0',
  `floorNum` int DEFAULT '6',
  PRIMARY KEY (`id`),
  UNIQUE KEY `hotelName` (`hotelName`)
) ENGINE=InnoDB AUTO_INCREMENT=30 DEFAULT CHARSET=utf8mb3;
/*!40101 SET character_set_client = @saved_cs_client */;

--
-- Dumping data for table `hotel`
--

LOCK TABLES `hotel` WRITE;
/*!40000 ALTER TABLE `hotel` DISABLE KEYS */;
INSERT INTO `hotel` VALUES (2,'Royal微佳酒店(深圳北站店)','龙华区龙华大道幸福枫景花园1楼底商42号（光浩国际中心北侧，民治中学大门东侧）',30,'深圳',29514,'深圳北站',22.6295,114.0295,8005,'疫情安心退 延迟退房 近核酸点 停车场 干净卫生 共享充电宝 深圳本地','18939640776',145,4,4.6,5.0,4.1,4.3,4.9,'https://hotel-1313882515.cos.ap-guangzhou.myqcloud.com/coupon/hotelImg/18.jpg',0,3),(3,'Royal低碳乐城酒店','龙岗区吉祥三路25号（近深圳国际低碳城、沃尔玛宜城广场）',30,'深圳',33,'龙岗区',22.7773,114.2941,442,'疫情安心退 延迟退房 近核酸点 健身房 免费停车场 会议室 共享充电宝 广东本地','19740702739',244,4,4.7,4.8,4.1,4.9,4.8,'https://hotel-1313882515.cos.ap-guangzhou.myqcloud.com/coupon/hotelImg/19.jpg',0,0),(4,'Royal桦庭丽景酒店(深圳国际会展中心店)','宝安区沙井街道建安路8号',30,'深圳',1015429,'深圳国际会展中心',22.7050,113.7976,1172,'疫情安心退 延迟退房 有影音房 免费停车场 防疫清洁 休闲度假','13392496867',173,4,4.6,4.9,4.1,4.3,5.0,'https://hotel-1313882515.cos.ap-guangzhou.myqcloud.com/coupon/hotelImg/2.jpg',0,0),(5,'Royal国展苑行政公寓','宝安区锦程路会展湾水岸广场3栋1楼',30,'深圳',1015429,'深圳国际会展中心',22.7012,113.7811,1317,'预约发票 近核酸点 近地铁 免费停车场 新开业/新装修 SUSTech','19883186570',167,4,4.2,4.5,4.1,4.1,4.2,'https://hotel-1313882515.cos.ap-guangzhou.myqcloud.com/coupon/hotelImg/20.jpg',0,0),(6,'Royal柏槿酒店(观澜店)','龙华区观澜街道五和大道新安汇大厦1楼',30,'深圳',29491,'观澜',22.6856,114.0783,1221,'疫情安心退 延迟退房 近核酸点 有棋牌房 近湖景 免费停车场 商务出行 会议室 ','19278971184',293,4,4.4,4.6,4.1,4.8,4.0,'https://hotel-1313882515.cos.ap-guangzhou.myqcloud.com/coupon/hotelImg/3.jpg',0,0),(8,'Royal美程精品酒店','龙岗区龙河路50号济通大厦1楼（距龙城广场地铁站C出口900米，近东方国际茶都）',30,'深圳',29512,'龙岗区',22.7218,114.2564,1415,'疫情安心退 延迟退房 近核酸点 有棋牌房 近地铁 共享充电宝 1000M以上网络 ','18634948762',148,4,4.6,4.3,5.0,4.8,4.1,'https://hotel-1313882515.cos.ap-guangzhou.myqcloud.com/coupon/hotelImg/4.jpg',0,5),(9,'Royal深圳万里红大酒店','坪山区坪山街道竹坑社区科技路21-23号',30,'深圳',1016019,'坑梓商业中心区',22.7120,114.3879,1401,'疫情安心退 延迟退房 免费停车场 商务出行 会议室 ','18147811272',208,4,4.6,4.9,4.7,4.0,4.6,'https://hotel-1313882515.cos.ap-guangzhou.myqcloud.com/coupon/hotelImg/6.jpg',0,5),(13,'Royal蓝苑精品酒店(松岗义乌商业城楼岗店)','宝安区楼岗大道48号F栋4楼',30,'深圳',29523,'松岗',22.7657,113.8582,6261,'疫情安心退 预约发票 近核酸点 有影音房 免费停车场 共享充电宝 ','16607751056',156,4,4.3,4.2,4.5,4.4,4.0,'https://hotel-1313882515.cos.ap-guangzhou.myqcloud.com/coupon/hotelImg/8.jpg',0,6),(15,'Royal舒适酒店(深圳国际会展中心店)','宝安区福永镇福洲大道46-5号（近地铁福永站、国际会展中心）',30,'深圳',1015429,'深圳国际会展中心',22.6755,113.7981,226,'疫情安心退 延迟退房 近核酸点 有影音房 有棋牌房 近地铁 近湖景 免费停车场 ','14823228120',196,4,4.5,4.8,4.5,4.4,4.3,'https://hotel-1313882515.cos.ap-guangzhou.myqcloud.com/coupon/hotelImg/9.jpg',0,5),(16,'Royal银通空中花园酒店(沙井地铁站店)','宝安区沙井镇中心路星河大厦11层（距沙井地铁站C出口500米，华润万家超市对面）',30,'深圳',1015429,'深圳国际会展中心',22.7284,113.8299,9067,'疫情安心退 延迟退房 近核酸点 有棋牌房 近地铁 免费停车场 共享充电宝 ','18194991698',160,4,4.6,4.7,4.2,4.6,4.7,'https://hotel-1313882515.cos.ap-guangzhou.myqcloud.com/coupon/hotelImg/14.jpg',0,5),(17,'Royal深圳南国明珠酒店','宝安区前进二路99号',30,'深圳',29484,'宝安中心区/前海',22.5926,113.8797,1819,'疫情安心退 延迟退房 近核酸点 零压助眠房 免费停车场 ','17399844742',203,4,4.7,4.9,4.1,5.0,4.7,'https://hotel-1313882515.cos.ap-guangzhou.myqcloud.com/coupon/hotelImg/16.jpg',0,7),(18,'Royal维港•198精品酒店(公明广场地铁站店)','光明区马田街道合水口社区金安路11号商业大厦1楼',30,'深圳',1016018,'公明广场',22.7813,113.8895,5297,'疫情安心退 延迟退房 近核酸点 有棋牌房 近地铁 免费停车场 共享充电宝 防疫礼包 ','16804001845',122,4,4.4,4.5,4.7,4.1,4.2,'https://hotel-1313882515.cos.ap-guangzhou.myqcloud.com/coupon/hotelImg/11.jpg',0,5),(19,'Royal三明浪漫主题酒店(深圳公明广场地铁站店)','光明区公明街道康德街47号三明大厦',30,'深圳',1016018,'公明广场',22.7835,113.8920,6620,'疫情安心退 延迟退房 近核酸点 有影音房 有棋牌房 近地铁 免费停车场 有圆床 ','17895520641',147,4,4.4,4.5,4.4,4.2,4.7,'https://hotel-1313882515.cos.ap-guangzhou.myqcloud.com/coupon/hotelImg/13.jpg',0,8),(21,'Royal桔子水晶上海国际旅游度假区周浦万达酒店','中国，上海，浦东新区，沪南公路3655弄2号',NULL,'上海',NULL,'浦东新区',30.4000,122.1200,4232,'酒店坐落于浦东新区素有\"小上海\"之称的周浦镇上，酒店离18号线繁荣地铁站1号口仅100余米。18号是上海名副其实的地铁换乘王，可转乘2.3.6.8.9.10.11.12.13.14.16等11条线路，上海各大景点车站机场，转乘一次即可到达。并提供免费的迪士尼定点接送班车（注：免费班车服务按照酒店班车时刻表发车，需提前一天致酒店前台预约登记）。 整个酒店由著名设计师打造，是知名的高端“设计师酒店”品牌。客房典雅豪华、宽敞舒适，并配以42寸飞利浦电视、三诺音响、电动窗帘、智能灯控系统等先进科技设施设备，给您带来尊贵的体验和高端的享受；房间全部配备独立的企业级WIFI，一定会给您带来极速的网络体验；隔音系统更由清华声学所设计，睡眠环境优越，让您一夜酣睡到天亮。 酒店附近有万达广场、永乐广场、360新田广场、绿地广场、小上海步行街等商业中心，迪士尼野生动物园，新场古镇、召稼楼古镇等休闲游览景区更是短时间内即可到达。','15648742356',391,4,4.5,5.0,5.0,5.0,5.0,'https://hotel-1313882515.cos.ap-guangzhou.myqcloud.com/coupon/Hotel2/1.jpg',0,5),(22,'Royal桔子酒店(上海威宁路地铁站店)','中国，上海，长宁区，威宁路428号',NULL,'上海',NULL,'长宁区',30.4000,122.1200,3020,'酒店地处长宁区天山路和威宁路路口，紧邻地铁2号线威宁路站4号出；酒店临近虹桥国家会展中心、世贸会展中心、国际会展中心、上海跨国采购会展中心，周围购物中心、餐饮店铺汇聚。 酒店由国外著名设计师设计，装潢雅致，拥有各类温馨、舒适的客房。房内设24小时热水、独立卫浴、电话等。同时，店内配备烘干洗衣机、微波炉等生活设施，为宾客提供便捷的休憩地，适合商务出行，情侣出行，亲子出游，休闲度假','17245682134',540,4,4.9,5.0,5.0,5.0,5.0,'https://hotel-1313882515.cos.ap-guangzhou.myqcloud.com/coupon/Hotel2/2.jpg',0,6),(23,'Royal栖梦民宿(上海新月店)','中国，上海，浦东新区，川沙新镇栏杆村潘家宅12号',NULL,'上海',NULL,'浦东新区',30.4000,122.1200,5000,'追求自然与平衡的侘寂美学，由著名设计团队操刀，梦幻与少女、极简与科技、浪漫与童真交相辉映，每处细节都透露着高级感，每个场景都秒出大片。民宿庭院特有的超大月亮，守护每个人的童心。','15769824310',230,5,4.8,5.0,5.0,5.0,5.0,'https://hotel-1313882515.cos.ap-guangzhou.myqcloud.com/coupon/Hotel2/3.jpg',0,6),(24,'Royal美朋·轻奢酒店(上海光大会展中心火车南站店)','中国，上海，徐汇区，冠生园路231号2幢',NULL,'上海',NULL,'徐汇区',30.4000,122.1200,5413,'酒店位于上海市徐汇区冠生园路231号2幢。美朋·轻奢酒店（上海光大会展中心冠生园路店）以【东方之美】精神作为设计理念，客房全部选用零压（梦百合）床垫，舒缓疲惫的身躯，为来沪差旅的您提供优质舒适的睡眠；天然沐浴用品，使您愉悦、安心、舒缓压力；精选用具呈现东方之美，让东方的生活方式在旅途延续，为旅途带来一天的能量；更提供小水吧、高速宽带WiFi为您的提供便利。美朋·轻奢酒店（上海光大会展中心冠生园路店）还有原创特色下午茶、自助餐、洗衣房、健身房等设施服务给您的出行带来不一样的体验。美朋·轻奢酒店（上海光大会展中心冠生园路店）临近上海南站，步行15分钟左右；地铁站漕宝路，步行20分钟；上海虹桥机场，打车35分钟。酒店临近光大会展中心、日月光购物中心、万商生活广场。周边美食繁多，口留香老上海馄饨、古贤居、盒马生鲜奥莱店等美食应有尽有。酒店全体员工期待您下榻本酒店，竭诚为您提供温馨舒适的服务。','17456226659',564,3,5.0,5.0,5.0,5.0,5.0,'https://hotel-1313882515.cos.ap-guangzhou.myqcloud.com/coupon/Hotel2/4.jpg',0,6),(25,'Royal美豪丽致酒店(上海徐家汇衡山路旗舰店)','中国，上海，徐汇区，建国西路691号',NULL,'上海',NULL,'徐汇区',NULL,NULL,5321,'中国，上海，徐汇区，建国西路691号','15000059989',518,2,4.6,5.0,5.0,5.0,5.0,'https://hotel-1313882515.cos.ap-guangzhou.myqcloud.com/coupon/Hotel2/5.jpg',0,6),(26,'Royal上海陆家嘴东方明珠CitiGO酒店','中国，上海，浦东新区，商城路357号(浦城路口)',NULL,'上海',NULL,'徐汇区',NULL,NULL,1245,'酒店位于浦东陆家嘴核心位置，紧邻陆家嘴金融中心、东方明珠、上海中心大厦、金茂等知名地标，周边配套齐全，交通便利。步行约5分钟即可到达地铁9号线商城路站、八佰伴购物中心，步行约8分钟可达地铁2号线东昌路站。\nCitiGO是华住集团旗下中高档酒店品牌，名字取自英文“City，Go!”,表述了品牌年轻、自由、随性的风格，以及立足城市社区。',NULL,1024,5,4.7,5.0,5.0,5.0,5.0,'https://hotel-1313882515.cos.ap-guangzhou.myqcloud.com/coupon/Hotel2/6.jpg',0,6),(27,'Royal阳光精品公寓(花都融创文旅城狮岭店)','中国，广东，广州，花都区，狮岭镇阳光南路13号',NULL,'广州',NULL,'花都区',NULL,NULL,7812,'坐落于花都融创文旅城周边，不论您是商务出差还是休闲旅游Sunshine阳光精品公寓都是理想的下榻之处。\n酒店休闲区提供了各类设施，您可以在这里舒缓身心压力','15723694560',213,4,4.2,5.0,5.0,5.0,5.0,'https://hotel-1313882515.cos.ap-guangzhou.myqcloud.com/coupon/Hotel2/7.jpg',0,5),(28,'Royal创时代酒店(广州天河智慧城地铁站店)','中国，广东，广州，天河区，华观路万科广场A4栋5楼',NULL,'广州',NULL,'花都区',NULL,NULL,4587,'酒店位于广州市天河区天河智慧城万科商业广场A4栋，酒店房间拥有独立阳台，配备洗衣机、冰箱、热水壶、电吹风、网络电视、无限Wifi。酒店秉持让宾客家人们住得“舒心、温馨、暖心”的服务理念，坚持为客户带来高品质体验。','15856478912',5674,5,3.8,5.0,5.0,5.0,5.0,'https://hotel-1313882515.cos.ap-guangzhou.myqcloud.com/coupon/Hotel2/8.jpg',0,6),(29,'中国，广东，广州，天河区，华观路万科广场A4栋5楼','中国，广东，广州，白云区，矮岗村矮岗北街26号',NULL,'广州',NULL,'白云区',NULL,NULL,NULL,'酒店位于空港经济区，距广州融创乐园约9公里，临近高增、人和地铁站，地理位置优越，并有豪华车24小时接驳机场（详情请咨询商家），出行便利。\n这是一家让您真正心动会记住的轻奢型酒店，秉持让宾客家人们住的“舒心、温馨、暖心”的服务理念，坚持为客户带来高品质体验。酒店环境生态、装修时尚高雅，配套设施齐全，服务专业周到。',NULL,5647,3,4.5,5.0,5.0,5.0,5.0,'https://hotel-1313882515.cos.ap-guangzhou.myqcloud.com/coupon/Hotel2/9.jpg',0,6);
/*!40000 ALTER TABLE `hotel` ENABLE KEYS */;
UNLOCK TABLES;

--
-- Table structure for table `hotelfile`
--

DROP TABLE IF EXISTS `hotelfile`;
/*!40101 SET @saved_cs_client     = @@character_set_client */;
/*!50503 SET character_set_client = utf8mb4 */;
CREATE TABLE `hotelfile` (
  `id` int NOT NULL AUTO_INCREMENT,
  `fileType` tinyint DEFAULT NULL,
  `hotelId` int DEFAULT NULL,
  `filePath` varchar(100) DEFAULT NULL,
  `fileRole` tinyint DEFAULT NULL,
  PRIMARY KEY (`id`)
) ENGINE=InnoDB AUTO_INCREMENT=3 DEFAULT CHARSET=utf8mb3;
/*!40101 SET character_set_client = @saved_cs_client */;

--
-- Dumping data for table `hotelfile`
--

LOCK TABLES `hotelfile` WRITE;
/*!40000 ALTER TABLE `hotelfile` DISABLE KEYS */;
INSERT INTO `hotelfile` VALUES (1,0,2,'https://hotel-1313882515.cos.ap-guangzhou.myqcloud.com/room/realImg/double_0.jpg',0),(2,0,2,'https://hotel-1313882515.cos.ap-guangzhou.myqcloud.com/room/realImg/double_2.jpg',0);
/*!40000 ALTER TABLE `hotelfile` ENABLE KEYS */;
UNLOCK TABLES;

--
-- Table structure for table `hoteljob`
--

DROP TABLE IF EXISTS `hoteljob`;
/*!40101 SET @saved_cs_client     = @@character_set_client */;
/*!50503 SET character_set_client = utf8mb4 */;
CREATE TABLE `hoteljob` (
  `id` int NOT NULL AUTO_INCREMENT,
  `groupName` varchar(50) COLLATE utf8mb4_unicode_ci DEFAULT '',
  `createTime` datetime DEFAULT CURRENT_TIMESTAMP,
  `updateTime` datetime DEFAULT CURRENT_TIMESTAMP,
  `cronsExpression` varchar(50) COLLATE utf8mb4_unicode_ci DEFAULT '',
  `nextTime` datetime DEFAULT CURRENT_TIMESTAMP,
  `status` tinyint DEFAULT '1',
  PRIMARY KEY (`id`)
) ENGINE=InnoDB DEFAULT CHARSET=utf8mb4 COLLATE=utf8mb4_unicode_ci;
/*!40101 SET character_set_client = @saved_cs_client */;

--
-- Dumping data for table `hoteljob`
--

LOCK TABLES `hoteljob` WRITE;
/*!40000 ALTER TABLE `hoteljob` DISABLE KEYS */;
/*!40000 ALTER TABLE `hoteljob` ENABLE KEYS */;
UNLOCK TABLES;

--
-- Table structure for table `hotellike`
--

DROP TABLE IF EXISTS `hotellike`;
/*!40101 SET @saved_cs_client     = @@character_set_client */;
/*!50503 SET character_set_client = utf8mb4 */;
CREATE TABLE `hotellike` (
  `id` int NOT NULL AUTO_INCREMENT,
  `hotelId` int DEFAULT NULL,
  `likerId` int DEFAULT NULL,
  `createTime` datetime DEFAULT CURRENT_TIMESTAMP,
  `updateTime` datetime DEFAULT CURRENT_TIMESTAMP,
  `status` tinyint DEFAULT '2' COMMENT '0不喜欢,1喜欢，2未知',
  `jobType` tinyint DEFAULT NULL,
  PRIMARY KEY (`id`),
  UNIQUE KEY `hotelId` (`hotelId`,`likerId`)
) ENGINE=InnoDB AUTO_INCREMENT=2243 DEFAULT CHARSET=utf8mb3;
/*!40101 SET character_set_client = @saved_cs_client */;

--
-- Dumping data for table `hotellike`
--

LOCK TABLES `hotellike` WRITE;
/*!40000 ALTER TABLE `hotellike` DISABLE KEYS */;
INSERT INTO `hotellike` VALUES (1,16,1,NULL,'2022-11-05 14:56:15',1,NULL),(2,2,1,NULL,'2022-12-01 21:46:25',1,NULL),(2192,19,1,'2022-12-01 20:43:55','2022-12-01 20:43:55',1,NULL),(2216,22,1,'2022-12-02 05:56:50','2022-12-02 05:57:00',0,NULL),(2221,21,1,'2022-12-02 05:57:15','2022-12-02 05:57:15',1,NULL),(2242,25,1,'2022-12-01 22:05:47','2022-12-02 06:05:47',2,NULL);
/*!40000 ALTER TABLE `hotellike` ENABLE KEYS */;
UNLOCK TABLES;

--
-- Table structure for table `message`
--

DROP TABLE IF EXISTS `message`;
/*!40101 SET @saved_cs_client     = @@character_set_client */;
/*!50503 SET character_set_client = utf8mb4 */;
CREATE TABLE `message` (
  `id` int NOT NULL AUTO_INCREMENT,
  `accountName` varchar(50) DEFAULT NULL,
  `createTime` datetime DEFAULT CURRENT_TIMESTAMP,
  `theme` varchar(50) DEFAULT '',
  `text` varchar(500) DEFAULT '',
  `readStatus` tinyint DEFAULT '0' COMMENT '1表示已读，0表示未读',
  PRIMARY KEY (`id`)
) ENGINE=InnoDB AUTO_INCREMENT=373 DEFAULT CHARSET=utf8mb4 COLLATE=utf8mb4_0900_ai_ci;
/*!40101 SET character_set_client = @saved_cs_client */;

--
-- Dumping data for table `message`
--

LOCK TABLES `message` WRITE;
/*!40000 ALTER TABLE `message` DISABLE KEYS */;
INSERT INTO `message` VALUES (1,'markerhub','2022-11-16 02:12:18','','<p>😚</p>',0),(2,'huang','2022-11-16 02:12:18','','<p>😚</p>',0),(3,'Dexter huang','2022-11-16 02:12:18','','<p>😚</p>',0),(4,'Dexter huang2','2022-11-16 02:12:18','','<p>😚</p>',0),(5,'Dexter huang3','2022-11-16 02:12:18','','<p>😚</p>',0),(6,'Dexter huang4','2022-11-16 02:12:18','','<p>😚</p>',0),(7,'Dexter huang111111','2022-11-16 02:12:18','','<p>😚</p>',0),(8,'Dexterhuang20','2022-11-16 02:12:18','','<p>😚</p>',0),(9,'huangDexter ','2022-11-16 02:12:18','','<p>😚</p>',0),(10,'Dexter huang18','2022-11-16 02:12:18','','<p>😚</p>',0),(11,'markerhub520','2022-11-16 02:12:18','','<p>😚</p>',0),(12,'huang520','2022-11-16 02:12:18','','<p>😚</p>',0),(13,'Dexter huang520','2022-11-16 02:12:18','','<p>😚</p>',0),(14,'Dexter huang2520','2022-11-16 02:12:18','','<p>😚</p>',0),(15,'Dexter huang3520','2022-11-16 02:12:18','','<p>😚</p>',0),(16,'markerhub521','2022-11-16 02:12:18','','<p>😚</p>',0),(17,'huang521','2022-11-16 02:12:18','','<p>😚</p>',0),(18,'Dexter huang521','2022-11-16 02:12:18','','<p>😚</p>',0),(19,'Dexter huang2521','2022-11-16 02:12:18','','<p>😚</p>',0),(20,'hhhhh2','2022-11-16 02:12:18','','<p>😚</p>',0),(21,'hhhhh3','2022-11-16 02:12:18','','<p>😚</p>',0),(22,'hhhhh5','2022-11-16 02:12:18','','<p>😚</p>',0),(23,'hhhhh6','2022-11-16 02:12:18','','<p>😚</p>',0),(24,'hhhhh27','2022-11-16 02:12:18','','<p>😚</p>',0),(25,'hhhhh29','2022-11-16 02:12:18','','<p>😚</p>',0),(26,'hhhhh277','2022-11-16 02:12:18','','<p>😚</p>',0),(27,'h288','2022-11-16 02:12:18','','<p>😚</p>',0),(28,'h289','2022-11-16 02:12:18','','<p>😚</p>',0),(29,'h290','2022-11-16 02:12:18','','<p>😚</p>',0),(30,'h291','2022-11-16 02:12:18','','<p>😚</p>',0),(31,'h292','2022-11-16 02:12:18','','<p>😚</p>',0),(32,'markerhub','2022-11-16 02:15:40','','<p>烦烦烦烦烦烦</p>',0),(33,'huang','2022-11-16 02:15:40','','<p>烦烦烦烦烦烦</p>',0),(34,'Dexter huang','2022-11-16 02:15:40','','<p>烦烦烦烦烦烦</p>',0),(35,'Dexter huang2','2022-11-16 02:15:40','','<p>烦烦烦烦烦烦</p>',0),(36,'Dexter huang3','2022-11-16 02:15:40','','<p>烦烦烦烦烦烦</p>',0),(37,'Dexter huang4','2022-11-16 02:15:40','','<p>烦烦烦烦烦烦</p>',0),(38,'Dexter huang111111','2022-11-16 02:15:40','','<p>烦烦烦烦烦烦</p>',0),(39,'Dexterhuang20','2022-11-16 02:15:40','','<p>烦烦烦烦烦烦</p>',0),(40,'huangDexter ','2022-11-16 02:15:40','','<p>烦烦烦烦烦烦</p>',0),(41,'Dexter huang18','2022-11-16 02:15:40','','<p>烦烦烦烦烦烦</p>',0),(42,'markerhub520','2022-11-16 02:15:40','','<p>烦烦烦烦烦烦</p>',0),(43,'huang520','2022-11-16 02:15:40','','<p>烦烦烦烦烦烦</p>',0),(44,'Dexter huang520','2022-11-16 02:15:40','','<p>烦烦烦烦烦烦</p>',0),(45,'Dexter huang2520','2022-11-16 02:15:40','','<p>烦烦烦烦烦烦</p>',0),(46,'Dexter huang3520','2022-11-16 02:15:40','','<p>烦烦烦烦烦烦</p>',0),(47,'markerhub521','2022-11-16 02:15:40','','<p>烦烦烦烦烦烦</p>',0),(48,'huang521','2022-11-16 02:15:40','','<p>烦烦烦烦烦烦</p>',0),(49,'Dexter huang521','2022-11-16 02:15:40','','<p>烦烦烦烦烦烦</p>',0),(50,'Dexter huang2521','2022-11-16 02:15:40','','<p>烦烦烦烦烦烦</p>',0),(51,'hhhhh2','2022-11-16 02:15:40','','<p>烦烦烦烦烦烦</p>',0),(52,'hhhhh3','2022-11-16 02:15:40','','<p>烦烦烦烦烦烦</p>',0),(53,'hhhhh5','2022-11-16 02:15:40','','<p>烦烦烦烦烦烦</p>',0),(54,'hhhhh6','2022-11-16 02:15:40','','<p>烦烦烦烦烦烦</p>',0),(55,'hhhhh27','2022-11-16 02:15:40','','<p>烦烦烦烦烦烦</p>',0),(56,'hhhhh29','2022-11-16 02:15:40','','<p>烦烦烦烦烦烦</p>',0),(57,'hhhhh277','2022-11-16 02:15:40','','<p>烦烦烦烦烦烦</p>',0),(58,'h288','2022-11-16 02:15:40','','<p>烦烦烦烦烦烦</p>',0),(59,'h289','2022-11-16 02:15:40','','<p>烦烦烦烦烦烦</p>',0),(60,'h290','2022-11-16 02:15:40','','<p>烦烦烦烦烦烦</p>',0),(61,'h291','2022-11-16 02:15:40','','<p>烦烦烦烦烦烦</p>',0),(62,'h292','2022-11-16 02:15:40','','<p>烦烦烦烦烦烦</p>',0),(63,'markerhub','2022-11-16 02:15:51','','<p>烦烦烦烦烦烦</p>',0),(64,'huang','2022-11-16 02:15:51','','<p>烦烦烦烦烦烦</p>',0),(65,'Dexter huang','2022-11-16 02:15:51','','<p>烦烦烦烦烦烦</p>',0),(66,'Dexter huang2','2022-11-16 02:15:51','','<p>烦烦烦烦烦烦</p>',0),(67,'Dexter huang3','2022-11-16 02:15:51','','<p>烦烦烦烦烦烦</p>',0),(68,'Dexter huang4','2022-11-16 02:15:51','','<p>烦烦烦烦烦烦</p>',0),(69,'Dexter huang111111','2022-11-16 02:15:51','','<p>烦烦烦烦烦烦</p>',0),(70,'Dexterhuang20','2022-11-16 02:15:51','','<p>烦烦烦烦烦烦</p>',0),(71,'huangDexter ','2022-11-16 02:15:51','','<p>烦烦烦烦烦烦</p>',0),(72,'Dexter huang18','2022-11-16 02:15:51','','<p>烦烦烦烦烦烦</p>',0),(73,'markerhub520','2022-11-16 02:15:51','','<p>烦烦烦烦烦烦</p>',0),(74,'huang520','2022-11-16 02:15:51','','<p>烦烦烦烦烦烦</p>',0),(75,'Dexter huang520','2022-11-16 02:15:51','','<p>烦烦烦烦烦烦</p>',0),(76,'Dexter huang2520','2022-11-16 02:15:51','','<p>烦烦烦烦烦烦</p>',0),(77,'Dexter huang3520','2022-11-16 02:15:51','','<p>烦烦烦烦烦烦</p>',0),(78,'markerhub521','2022-11-16 02:15:51','','<p>烦烦烦烦烦烦</p>',0),(79,'huang521','2022-11-16 02:15:51','','<p>烦烦烦烦烦烦</p>',0),(80,'Dexter huang521','2022-11-16 02:15:51','','<p>烦烦烦烦烦烦</p>',0),(81,'Dexter huang2521','2022-11-16 02:15:51','','<p>烦烦烦烦烦烦</p>',0),(82,'hhhhh2','2022-11-16 02:15:51','','<p>烦烦烦烦烦烦</p>',0),(83,'hhhhh3','2022-11-16 02:15:51','','<p>烦烦烦烦烦烦</p>',0),(84,'hhhhh5','2022-11-16 02:15:51','','<p>烦烦烦烦烦烦</p>',0),(85,'hhhhh6','2022-11-16 02:15:51','','<p>烦烦烦烦烦烦</p>',0),(86,'hhhhh27','2022-11-16 02:15:51','','<p>烦烦烦烦烦烦</p>',0),(87,'hhhhh29','2022-11-16 02:15:51','','<p>烦烦烦烦烦烦</p>',0),(88,'hhhhh277','2022-11-16 02:15:51','','<p>烦烦烦烦烦烦</p>',0),(89,'h288','2022-11-16 02:15:51','','<p>烦烦烦烦烦烦</p>',0),(90,'h289','2022-11-16 02:15:51','','<p>烦烦烦烦烦烦</p>',0),(91,'h290','2022-11-16 02:15:52','','<p>烦烦烦烦烦烦</p>',0),(92,'h291','2022-11-16 02:15:52','','<p>烦烦烦烦烦烦</p>',0),(93,'h292','2022-11-16 02:15:52','','<p>烦烦烦烦烦烦</p>',0),(94,'markerhub','2022-11-16 02:16:17','','<p>烦烦烦烦烦烦</p>',0),(95,'huang','2022-11-16 02:16:17','','<p>烦烦烦烦烦烦</p>',0),(96,'Dexter huang','2022-11-16 02:16:17','','<p>烦烦烦烦烦烦</p>',0),(97,'Dexter huang2','2022-11-16 02:16:17','','<p>烦烦烦烦烦烦</p>',0),(98,'Dexter huang3','2022-11-16 02:16:17','','<p>烦烦烦烦烦烦</p>',0),(99,'Dexter huang4','2022-11-16 02:16:17','','<p>烦烦烦烦烦烦</p>',0),(100,'Dexter huang111111','2022-11-16 02:16:17','','<p>烦烦烦烦烦烦</p>',0),(101,'Dexterhuang20','2022-11-16 02:16:17','','<p>烦烦烦烦烦烦</p>',0),(102,'huangDexter ','2022-11-16 02:16:17','','<p>烦烦烦烦烦烦</p>',0),(103,'Dexter huang18','2022-11-16 02:16:17','','<p>烦烦烦烦烦烦</p>',0),(104,'markerhub520','2022-11-16 02:16:17','','<p>烦烦烦烦烦烦</p>',0),(105,'huang520','2022-11-16 02:16:17','','<p>烦烦烦烦烦烦</p>',0),(106,'Dexter huang520','2022-11-16 02:16:17','','<p>烦烦烦烦烦烦</p>',0),(107,'Dexter huang2520','2022-11-16 02:16:17','','<p>烦烦烦烦烦烦</p>',0),(108,'Dexter huang3520','2022-11-16 02:16:17','','<p>烦烦烦烦烦烦</p>',0),(109,'markerhub521','2022-11-16 02:16:17','','<p>烦烦烦烦烦烦</p>',0),(110,'huang521','2022-11-16 02:16:17','','<p>烦烦烦烦烦烦</p>',0),(111,'Dexter huang521','2022-11-16 02:16:17','','<p>烦烦烦烦烦烦</p>',0),(112,'Dexter huang2521','2022-11-16 02:16:17','','<p>烦烦烦烦烦烦</p>',0),(113,'hhhhh2','2022-11-16 02:16:17','','<p>烦烦烦烦烦烦</p>',0),(114,'hhhhh3','2022-11-16 02:16:17','','<p>烦烦烦烦烦烦</p>',0),(115,'hhhhh5','2022-11-16 02:16:17','','<p>烦烦烦烦烦烦</p>',0),(116,'hhhhh6','2022-11-16 02:16:17','','<p>烦烦烦烦烦烦</p>',0),(117,'hhhhh27','2022-11-16 02:16:17','','<p>烦烦烦烦烦烦</p>',0),(118,'hhhhh29','2022-11-16 02:16:17','','<p>烦烦烦烦烦烦</p>',0),(119,'hhhhh277','2022-11-16 02:16:17','','<p>烦烦烦烦烦烦</p>',0),(120,'h288','2022-11-16 02:16:17','','<p>烦烦烦烦烦烦</p>',0),(121,'h289','2022-11-16 02:16:17','','<p>烦烦烦烦烦烦</p>',0),(122,'h290','2022-11-16 02:16:17','','<p>烦烦烦烦烦烦</p>',0),(123,'h291','2022-11-16 02:16:17','','<p>烦烦烦烦烦烦</p>',0),(124,'h292','2022-11-16 02:16:17','','<p>烦烦烦烦烦烦</p>',0),(125,'markerhub','2022-11-16 02:42:31','','<p><u>市十四</u></p>',0),(126,'huang','2022-11-16 02:42:31','','<p><u>市十四</u></p>',0),(127,'Dexter huang','2022-11-16 02:42:31','','<p><u>市十四</u></p>',0),(128,'Dexter huang2','2022-11-16 02:42:31','','<p><u>市十四</u></p>',0),(129,'Dexter huang3','2022-11-16 02:42:31','','<p><u>市十四</u></p>',0),(130,'Dexter huang4','2022-11-16 02:42:31','','<p><u>市十四</u></p>',0),(131,'Dexter huang111111','2022-11-16 02:42:31','','<p><u>市十四</u></p>',0),(132,'Dexterhuang20','2022-11-16 02:42:31','','<p><u>市十四</u></p>',0),(133,'huangDexter ','2022-11-16 02:42:31','','<p><u>市十四</u></p>',0),(134,'Dexter huang18','2022-11-16 02:42:31','','<p><u>市十四</u></p>',0),(135,'markerhub520','2022-11-16 02:42:31','','<p><u>市十四</u></p>',0),(136,'huang520','2022-11-16 02:42:31','','<p><u>市十四</u></p>',0),(137,'Dexter huang520','2022-11-16 02:42:31','','<p><u>市十四</u></p>',0),(138,'Dexter huang2520','2022-11-16 02:42:31','','<p><u>市十四</u></p>',0),(139,'Dexter huang3520','2022-11-16 02:42:31','','<p><u>市十四</u></p>',0),(140,'markerhub521','2022-11-16 02:42:31','','<p><u>市十四</u></p>',0),(141,'huang521','2022-11-16 02:42:32','','<p><u>市十四</u></p>',0),(142,'Dexter huang521','2022-11-16 02:42:32','','<p><u>市十四</u></p>',0),(143,'Dexter huang2521','2022-11-16 02:42:32','','<p><u>市十四</u></p>',0),(144,'hhhhh2','2022-11-16 02:42:32','','<p><u>市十四</u></p>',0),(145,'hhhhh3','2022-11-16 02:42:32','','<p><u>市十四</u></p>',0),(146,'hhhhh5','2022-11-16 02:42:32','','<p><u>市十四</u></p>',0),(147,'hhhhh6','2022-11-16 02:42:32','','<p><u>市十四</u></p>',0),(148,'hhhhh27','2022-11-16 02:42:32','','<p><u>市十四</u></p>',0),(149,'hhhhh29','2022-11-16 02:42:32','','<p><u>市十四</u></p>',0),(150,'hhhhh277','2022-11-16 02:42:32','','<p><u>市十四</u></p>',0),(151,'h288','2022-11-16 02:42:32','','<p><u>市十四</u></p>',0),(152,'h289','2022-11-16 02:42:32','','<p><u>市十四</u></p>',0),(153,'h290','2022-11-16 02:42:32','','<p><u>市十四</u></p>',0),(154,'h291','2022-11-16 02:42:32','','<p><u>市十四</u></p>',0),(155,'h292','2022-11-16 02:42:32','','<p><u>市十四</u></p>',0),(156,'markerhub','2022-11-16 02:44:30','','<p>😇<u><strong>啪啪啪啪啪啪</strong></u></p>',0),(157,'huang','2022-11-16 02:44:30','','<p>😇<u><strong>啪啪啪啪啪啪</strong></u></p>',0),(158,'Dexter huang','2022-11-16 02:44:30','','<p>😇<u><strong>啪啪啪啪啪啪</strong></u></p>',0),(159,'Dexter huang2','2022-11-16 02:44:30','','<p>😇<u><strong>啪啪啪啪啪啪</strong></u></p>',0),(160,'Dexter huang3','2022-11-16 02:44:30','','<p>😇<u><strong>啪啪啪啪啪啪</strong></u></p>',0),(161,'Dexter huang4','2022-11-16 02:44:30','','<p>😇<u><strong>啪啪啪啪啪啪</strong></u></p>',0),(162,'Dexter huang111111','2022-11-16 02:44:30','','<p>😇<u><strong>啪啪啪啪啪啪</strong></u></p>',0),(163,'Dexterhuang20','2022-11-16 02:44:30','','<p>😇<u><strong>啪啪啪啪啪啪</strong></u></p>',0),(164,'huangDexter ','2022-11-16 02:44:30','','<p>😇<u><strong>啪啪啪啪啪啪</strong></u></p>',0),(165,'Dexter huang18','2022-11-16 02:44:30','','<p>😇<u><strong>啪啪啪啪啪啪</strong></u></p>',0),(166,'markerhub520','2022-11-16 02:44:30','','<p>😇<u><strong>啪啪啪啪啪啪</strong></u></p>',0),(167,'huang520','2022-11-16 02:44:30','','<p>😇<u><strong>啪啪啪啪啪啪</strong></u></p>',0),(168,'Dexter huang520','2022-11-16 02:44:30','','<p>😇<u><strong>啪啪啪啪啪啪</strong></u></p>',0),(169,'Dexter huang2520','2022-11-16 02:44:30','','<p>😇<u><strong>啪啪啪啪啪啪</strong></u></p>',0),(170,'Dexter huang3520','2022-11-16 02:44:30','','<p>😇<u><strong>啪啪啪啪啪啪</strong></u></p>',0),(171,'markerhub521','2022-11-16 02:44:30','','<p>😇<u><strong>啪啪啪啪啪啪</strong></u></p>',0),(172,'huang521','2022-11-16 02:44:30','','<p>😇<u><strong>啪啪啪啪啪啪</strong></u></p>',0),(173,'Dexter huang521','2022-11-16 02:44:30','','<p>😇<u><strong>啪啪啪啪啪啪</strong></u></p>',0),(174,'Dexter huang2521','2022-11-16 02:44:30','','<p>😇<u><strong>啪啪啪啪啪啪</strong></u></p>',0),(175,'hhhhh2','2022-11-16 02:44:30','','<p>😇<u><strong>啪啪啪啪啪啪</strong></u></p>',0),(176,'hhhhh3','2022-11-16 02:44:30','','<p>😇<u><strong>啪啪啪啪啪啪</strong></u></p>',0),(177,'hhhhh5','2022-11-16 02:44:30','','<p>😇<u><strong>啪啪啪啪啪啪</strong></u></p>',0),(178,'hhhhh6','2022-11-16 02:44:30','','<p>😇<u><strong>啪啪啪啪啪啪</strong></u></p>',0),(179,'hhhhh27','2022-11-16 02:44:30','','<p>😇<u><strong>啪啪啪啪啪啪</strong></u></p>',0),(180,'hhhhh29','2022-11-16 02:44:30','','<p>😇<u><strong>啪啪啪啪啪啪</strong></u></p>',0),(181,'hhhhh277','2022-11-16 02:44:30','','<p>😇<u><strong>啪啪啪啪啪啪</strong></u></p>',0),(182,'h288','2022-11-16 02:44:30','','<p>😇<u><strong>啪啪啪啪啪啪</strong></u></p>',0),(183,'h289','2022-11-16 02:44:30','','<p>😇<u><strong>啪啪啪啪啪啪</strong></u></p>',0),(184,'h290','2022-11-16 02:44:30','','<p>😇<u><strong>啪啪啪啪啪啪</strong></u></p>',0),(185,'h291','2022-11-16 02:44:30','','<p>😇<u><strong>啪啪啪啪啪啪</strong></u></p>',0),(186,'h292','2022-11-16 02:44:30','','<p>😇<u><strong>啪啪啪啪啪啪</strong></u></p>',0),(187,'markerhub','2022-11-16 02:45:17','','<p>😊😊<em><strong>反反复复</strong></em></p>',0),(188,'huang','2022-11-16 02:45:17','','<p>😊😊<em><strong>反反复复</strong></em></p>',0),(189,'Dexter huang','2022-11-16 02:45:17','','<p>😊😊<em><strong>反反复复</strong></em></p>',0),(190,'Dexter huang2','2022-11-16 02:45:17','','<p>😊😊<em><strong>反反复复</strong></em></p>',0),(191,'Dexter huang3','2022-11-16 02:45:17','','<p>😊😊<em><strong>反反复复</strong></em></p>',0),(192,'Dexter huang4','2022-11-16 02:45:17','','<p>😊😊<em><strong>反反复复</strong></em></p>',0),(193,'Dexter huang111111','2022-11-16 02:45:17','','<p>😊😊<em><strong>反反复复</strong></em></p>',0),(194,'Dexterhuang20','2022-11-16 02:45:17','','<p>😊😊<em><strong>反反复复</strong></em></p>',0),(195,'huangDexter ','2022-11-16 02:45:17','','<p>😊😊<em><strong>反反复复</strong></em></p>',0),(196,'Dexter huang18','2022-11-16 02:45:17','','<p>😊😊<em><strong>反反复复</strong></em></p>',0),(197,'markerhub520','2022-11-16 02:45:17','','<p>😊😊<em><strong>反反复复</strong></em></p>',0),(198,'huang520','2022-11-16 02:45:17','','<p>😊😊<em><strong>反反复复</strong></em></p>',0),(199,'Dexter huang520','2022-11-16 02:45:17','','<p>😊😊<em><strong>反反复复</strong></em></p>',0),(200,'Dexter huang2520','2022-11-16 02:45:17','','<p>😊😊<em><strong>反反复复</strong></em></p>',0),(201,'Dexter huang3520','2022-11-16 02:45:17','','<p>😊😊<em><strong>反反复复</strong></em></p>',0),(202,'markerhub521','2022-11-16 02:45:17','','<p>😊😊<em><strong>反反复复</strong></em></p>',0),(203,'huang521','2022-11-16 02:45:17','','<p>😊😊<em><strong>反反复复</strong></em></p>',0),(204,'Dexter huang521','2022-11-16 02:45:17','','<p>😊😊<em><strong>反反复复</strong></em></p>',0),(205,'Dexter huang2521','2022-11-16 02:45:17','','<p>😊😊<em><strong>反反复复</strong></em></p>',0),(206,'hhhhh2','2022-11-16 02:45:17','','<p>😊😊<em><strong>反反复复</strong></em></p>',0),(207,'hhhhh3','2022-11-16 02:45:17','','<p>😊😊<em><strong>反反复复</strong></em></p>',0),(208,'hhhhh5','2022-11-16 02:45:17','','<p>😊😊<em><strong>反反复复</strong></em></p>',0),(209,'hhhhh6','2022-11-16 02:45:17','','<p>😊😊<em><strong>反反复复</strong></em></p>',0),(210,'hhhhh27','2022-11-16 02:45:17','','<p>😊😊<em><strong>反反复复</strong></em></p>',0),(211,'hhhhh29','2022-11-16 02:45:17','','<p>😊😊<em><strong>反反复复</strong></em></p>',0),(212,'hhhhh277','2022-11-16 02:45:17','','<p>😊😊<em><strong>反反复复</strong></em></p>',0),(213,'h288','2022-11-16 02:45:17','','<p>😊😊<em><strong>反反复复</strong></em></p>',0),(214,'h289','2022-11-16 02:45:17','','<p>😊😊<em><strong>反反复复</strong></em></p>',0),(215,'h290','2022-11-16 02:45:17','','<p>😊😊<em><strong>反反复复</strong></em></p>',0),(216,'h291','2022-11-16 02:45:17','','<p>😊😊<em><strong>反反复复</strong></em></p>',0),(217,'h292','2022-11-16 02:45:17','','<p>😊😊<em><strong>反反复复</strong></em></p>',0),(218,'markerhub','2022-11-16 02:46:05','','<p>😎</p>',0),(219,'huang','2022-11-16 02:46:05','','<p>😎</p>',0),(220,'Dexter huang','2022-11-16 02:46:05','','<p>😎</p>',0),(221,'Dexter huang2','2022-11-16 02:46:05','','<p>😎</p>',0),(222,'Dexter huang3','2022-11-16 02:46:05','','<p>😎</p>',0),(223,'Dexter huang4','2022-11-16 02:46:06','','<p>😎</p>',0),(224,'Dexter huang111111','2022-11-16 02:46:06','','<p>😎</p>',0),(225,'Dexterhuang20','2022-11-16 02:46:06','','<p>😎</p>',0),(226,'huangDexter ','2022-11-16 02:46:06','','<p>😎</p>',0),(227,'Dexter huang18','2022-11-16 02:46:06','','<p>😎</p>',0),(228,'markerhub520','2022-11-16 02:46:06','','<p>😎</p>',0),(229,'huang520','2022-11-16 02:46:06','','<p>😎</p>',0),(230,'Dexter huang520','2022-11-16 02:46:06','','<p>😎</p>',0),(231,'Dexter huang2520','2022-11-16 02:46:06','','<p>😎</p>',0),(232,'Dexter huang3520','2022-11-16 02:46:06','','<p>😎</p>',0),(233,'markerhub521','2022-11-16 02:46:06','','<p>😎</p>',0),(234,'huang521','2022-11-16 02:46:06','','<p>😎</p>',0),(235,'Dexter huang521','2022-11-16 02:46:06','','<p>😎</p>',0),(236,'Dexter huang2521','2022-11-16 02:46:06','','<p>😎</p>',0),(237,'hhhhh2','2022-11-16 02:46:06','','<p>😎</p>',0),(238,'hhhhh3','2022-11-16 02:46:06','','<p>😎</p>',0),(239,'hhhhh5','2022-11-16 02:46:06','','<p>😎</p>',0),(240,'hhhhh6','2022-11-16 02:46:06','','<p>😎</p>',0),(241,'hhhhh27','2022-11-16 02:46:06','','<p>😎</p>',0),(242,'hhhhh29','2022-11-16 02:46:06','','<p>😎</p>',0),(243,'hhhhh277','2022-11-16 02:46:06','','<p>😎</p>',0),(244,'h288','2022-11-16 02:46:06','','<p>😎</p>',0),(245,'h289','2022-11-16 02:46:06','','<p>😎</p>',0),(246,'h290','2022-11-16 02:46:06','','<p>😎</p>',0),(247,'h291','2022-11-16 02:46:06','','<p>😎</p>',0),(248,'h292','2022-11-16 02:46:06','','<p>😎</p>',0),(249,'markerhub','2022-11-28 21:57:45','','<p>5656565</p>',0),(250,'huang','2022-11-28 21:57:45','','<p>5656565</p>',0),(251,'Dexter huang','2022-11-28 21:57:45','','<p>5656565</p>',0),(252,'Dexter huang2','2022-11-28 21:57:45','','<p>5656565</p>',0),(253,'Dexter huang3','2022-11-28 21:57:45','','<p>5656565</p>',0),(254,'Dexter huang4','2022-11-28 21:57:45','','<p>5656565</p>',0),(255,'Dexter huang111111','2022-11-28 21:57:45','','<p>5656565</p>',0),(256,'Dexterhuang20','2022-11-28 21:57:45','','<p>5656565</p>',0),(257,'huangDexter ','2022-11-28 21:57:45','','<p>5656565</p>',0),(258,'Dexter huang18','2022-11-28 21:57:45','','<p>5656565</p>',0),(259,'markerhub520','2022-11-28 21:57:45','','<p>5656565</p>',0),(260,'huang520','2022-11-28 21:57:45','','<p>5656565</p>',0),(261,'Dexter huang520','2022-11-28 21:57:45','','<p>5656565</p>',0),(262,'Dexter huang2520','2022-11-28 21:57:45','','<p>5656565</p>',0),(263,'Dexter huang3520','2022-11-28 21:57:45','','<p>5656565</p>',0),(264,'markerhub521','2022-11-28 21:57:45','','<p>5656565</p>',0),(265,'huang521','2022-11-28 21:57:45','','<p>5656565</p>',0),(266,'Dexter huang521','2022-11-28 21:57:45','','<p>5656565</p>',0),(267,'Dexter huang2521','2022-11-28 21:57:45','','<p>5656565</p>',0),(268,'hhhhh2','2022-11-28 21:57:45','','<p>5656565</p>',0),(269,'hhhhh3','2022-11-28 21:57:45','','<p>5656565</p>',0),(270,'hhhhh5','2022-11-28 21:57:45','','<p>5656565</p>',0),(271,'hhhhh6','2022-11-28 21:57:45','','<p>5656565</p>',0),(272,'hhhhh27','2022-11-28 21:57:45','','<p>5656565</p>',0),(273,'hhhhh29','2022-11-28 21:57:45','','<p>5656565</p>',0),(274,'hhhhh277','2022-11-28 21:57:45','','<p>5656565</p>',0),(275,'h288','2022-11-28 21:57:45','','<p>5656565</p>',0),(276,'h289','2022-11-28 21:57:45','','<p>5656565</p>',0),(277,'h290','2022-11-28 21:57:45','','<p>5656565</p>',0),(278,'h291','2022-11-28 21:57:45','','<p>5656565</p>',0),(279,'h292','2022-11-28 21:57:45','','<p>5656565</p>',0),(280,'markerhub','2022-11-28 21:57:56','','<p>5656565</p>',0),(281,'huang','2022-11-28 21:57:56','','<p>5656565</p>',0),(282,'Dexter huang','2022-11-28 21:57:56','','<p>5656565</p>',0),(283,'Dexter huang2','2022-11-28 21:57:56','','<p>5656565</p>',0),(284,'Dexter huang3','2022-11-28 21:57:56','','<p>5656565</p>',0),(285,'Dexter huang4','2022-11-28 21:57:56','','<p>5656565</p>',0),(286,'Dexter huang111111','2022-11-28 21:57:56','','<p>5656565</p>',0),(287,'Dexterhuang20','2022-11-28 21:57:56','','<p>5656565</p>',0),(288,'huangDexter ','2022-11-28 21:57:56','','<p>5656565</p>',0),(289,'Dexter huang18','2022-11-28 21:57:56','','<p>5656565</p>',0),(290,'markerhub520','2022-11-28 21:57:56','','<p>5656565</p>',0),(291,'huang520','2022-11-28 21:57:56','','<p>5656565</p>',0),(292,'Dexter huang520','2022-11-28 21:57:56','','<p>5656565</p>',0),(293,'Dexter huang2520','2022-11-28 21:57:56','','<p>5656565</p>',0),(294,'Dexter huang3520','2022-11-28 21:57:56','','<p>5656565</p>',0),(295,'markerhub521','2022-11-28 21:57:56','','<p>5656565</p>',0),(296,'huang521','2022-11-28 21:57:56','','<p>5656565</p>',0),(297,'Dexter huang521','2022-11-28 21:57:56','','<p>5656565</p>',0),(298,'Dexter huang2521','2022-11-28 21:57:56','','<p>5656565</p>',0),(299,'hhhhh2','2022-11-28 21:57:56','','<p>5656565</p>',0),(300,'hhhhh3','2022-11-28 21:57:56','','<p>5656565</p>',0),(301,'hhhhh5','2022-11-28 21:57:56','','<p>5656565</p>',0),(302,'hhhhh6','2022-11-28 21:57:56','','<p>5656565</p>',0),(303,'hhhhh27','2022-11-28 21:57:56','','<p>5656565</p>',0),(304,'hhhhh29','2022-11-28 21:57:56','','<p>5656565</p>',0),(305,'hhhhh277','2022-11-28 21:57:56','','<p>5656565</p>',0),(306,'h288','2022-11-28 21:57:56','','<p>5656565</p>',0),(307,'h289','2022-11-28 21:57:56','','<p>5656565</p>',0),(308,'h290','2022-11-28 21:57:56','','<p>5656565</p>',0),(309,'h291','2022-11-28 21:57:56','','<p>5656565</p>',0),(310,'h292','2022-11-28 21:57:56','','<p>5656565</p>',0),(311,'markerhub','2022-11-28 23:03:28','','<p>89898989</p>',0),(312,'huang','2022-11-28 23:03:28','','<p>89898989</p>',0),(313,'Dexter huang','2022-11-28 23:03:28','','<p>89898989</p>',0),(314,'Dexter huang2','2022-11-28 23:03:28','','<p>89898989</p>',0),(315,'Dexter huang3','2022-11-28 23:03:28','','<p>89898989</p>',0),(316,'Dexter huang4','2022-11-28 23:03:28','','<p>89898989</p>',0),(317,'Dexter huang111111','2022-11-28 23:03:28','','<p>89898989</p>',0),(318,'Dexterhuang20','2022-11-28 23:03:28','','<p>89898989</p>',0),(319,'huangDexter ','2022-11-28 23:03:28','','<p>89898989</p>',0),(320,'Dexter huang18','2022-11-28 23:03:28','','<p>89898989</p>',0),(321,'markerhub520','2022-11-28 23:03:28','','<p>89898989</p>',0),(322,'huang520','2022-11-28 23:03:28','','<p>89898989</p>',0),(323,'Dexter huang520','2022-11-28 23:03:28','','<p>89898989</p>',0),(324,'Dexter huang2520','2022-11-28 23:03:28','','<p>89898989</p>',0),(325,'Dexter huang3520','2022-11-28 23:03:28','','<p>89898989</p>',0),(326,'markerhub521','2022-11-28 23:03:28','','<p>89898989</p>',0),(327,'huang521','2022-11-28 23:03:28','','<p>89898989</p>',0),(328,'Dexter huang521','2022-11-28 23:03:28','','<p>89898989</p>',0),(329,'Dexter huang2521','2022-11-28 23:03:28','','<p>89898989</p>',0),(330,'hhhhh2','2022-11-28 23:03:28','','<p>89898989</p>',0),(331,'hhhhh3','2022-11-28 23:03:28','','<p>89898989</p>',0),(332,'hhhhh5','2022-11-28 23:03:28','','<p>89898989</p>',0),(333,'hhhhh6','2022-11-28 23:03:28','','<p>89898989</p>',0),(334,'hhhhh27','2022-11-28 23:03:28','','<p>89898989</p>',0),(335,'hhhhh29','2022-11-28 23:03:28','','<p>89898989</p>',0),(336,'hhhhh277','2022-11-28 23:03:28','','<p>89898989</p>',0),(337,'h288','2022-11-28 23:03:28','','<p>89898989</p>',0),(338,'h289','2022-11-28 23:03:28','','<p>89898989</p>',0),(339,'h290','2022-11-28 23:03:28','','<p>89898989</p>',0),(340,'h291','2022-11-28 23:03:28','','<p>89898989</p>',0),(341,'h292','2022-11-28 23:03:28','','<p>89898989</p>',0),(342,'markerhub','2022-11-28 23:03:49','','<p>89898989</p>',0),(343,'huang','2022-11-28 23:03:49','','<p>89898989</p>',0),(344,'Dexter huang','2022-11-28 23:03:49','','<p>89898989</p>',0),(345,'Dexter huang2','2022-11-28 23:03:49','','<p>89898989</p>',0),(346,'Dexter huang3','2022-11-28 23:03:49','','<p>89898989</p>',0),(347,'Dexter huang4','2022-11-28 23:03:49','','<p>89898989</p>',0),(348,'Dexter huang111111','2022-11-28 23:03:49','','<p>89898989</p>',0),(349,'Dexterhuang20','2022-11-28 23:03:49','','<p>89898989</p>',0),(350,'huangDexter ','2022-11-28 23:03:49','','<p>89898989</p>',0),(351,'Dexter huang18','2022-11-28 23:03:49','','<p>89898989</p>',0),(352,'markerhub520','2022-11-28 23:03:49','','<p>89898989</p>',0),(353,'huang520','2022-11-28 23:03:49','','<p>89898989</p>',0),(354,'Dexter huang520','2022-11-28 23:03:49','','<p>89898989</p>',0),(355,'Dexter huang2520','2022-11-28 23:03:49','','<p>89898989</p>',0),(356,'Dexter huang3520','2022-11-28 23:03:49','','<p>89898989</p>',0),(357,'markerhub521','2022-11-28 23:03:49','','<p>89898989</p>',0),(358,'huang521','2022-11-28 23:03:49','','<p>89898989</p>',0),(359,'Dexter huang521','2022-11-28 23:03:49','','<p>89898989</p>',0),(360,'Dexter huang2521','2022-11-28 23:03:49','','<p>89898989</p>',0),(361,'hhhhh2','2022-11-28 23:03:49','','<p>89898989</p>',0),(362,'hhhhh3','2022-11-28 23:03:50','','<p>89898989</p>',0),(363,'hhhhh5','2022-11-28 23:03:50','','<p>89898989</p>',0),(364,'hhhhh6','2022-11-28 23:03:50','','<p>89898989</p>',0),(365,'hhhhh27','2022-11-28 23:03:50','','<p>89898989</p>',0),(366,'hhhhh29','2022-11-28 23:03:50','','<p>89898989</p>',0),(367,'hhhhh277','2022-11-28 23:03:50','','<p>89898989</p>',0),(368,'h288','2022-11-28 23:03:50','','<p>89898989</p>',0),(369,'h289','2022-11-28 23:03:50','','<p>89898989</p>',0),(370,'h290','2022-11-28 23:03:50','','<p>89898989</p>',0),(371,'h291','2022-11-28 23:03:50','','<p>89898989</p>',0),(372,'h292','2022-11-28 23:03:50','','<p>89898989</p>',0);
/*!40000 ALTER TABLE `message` ENABLE KEYS */;
UNLOCK TABLES;

--
-- Table structure for table `notice`
--

DROP TABLE IF EXISTS `notice`;
/*!40101 SET @saved_cs_client     = @@character_set_client */;
/*!50503 SET character_set_client = utf8mb4 */;
CREATE TABLE `notice` (
  `id` bigint NOT NULL AUTO_INCREMENT,
  `user_id` bigint NOT NULL,
  `title` varchar(255) NOT NULL,
  `description` varchar(255) NOT NULL,
  `content` longtext,
  `created` datetime NOT NULL ON UPDATE CURRENT_TIMESTAMP,
  `status` tinyint DEFAULT NULL,
  PRIMARY KEY (`id`)
) ENGINE=InnoDB AUTO_INCREMENT=23 DEFAULT CHARSET=utf8mb4 COLLATE=utf8mb4_0900_ai_ci;
/*!40101 SET character_set_client = @saved_cs_client */;

--
-- Dumping data for table `notice`
--

LOCK TABLES `notice` WRITE;
/*!40000 ALTER TABLE `notice` DISABLE KEYS */;
INSERT INTO `notice` VALUES (1,1,'生活就像海洋，只有意志坚强的人才能到达彼岸','这里是摘要哈哈哈','内容？？？','2020-05-21 22:08:42',0),(2,1,'最值得学习的博客项目eblog','eblog是一个基于Springboot2.1.2开发的博客学习项目，为了让项目融合更多的知识点，达到学习目的，编写了详细的从0到1开发文档。主要学习包括：自定义Freemarker标签，使用shiro+redis完成了会话共享，redis的zset结构完成本周热议排行榜，t-io+websocket完成即时消息通知和群聊，rabbitmq+elasticsearch完成博客内容搜索引擎等。值得学习的地方很多！','**推荐阅读：**\n\n[分享一套SpringBoot开发博客系统源码，以及完整开发文档！速度保存！](https://mp.weixin.qq.com/s/jz6e977xP-OyaAKNjNca8w)\n\n[Github上最值得学习的100个Java开源项目，涵盖各种技术栈！](https://mp.weixin.qq.com/s/N-U0TaEUXnBFfBsmt_OESQ)\n\n[2020年最新的常问企业面试题大全以及答案](https://mp.weixin.qq.com/s/lR5LC5GnD2Gs59ecV5R0XA)\n4\n','2020-05-28 09:36:38',0),(3,1,'关注公众号JavaCat，回复xshell或navicat获取破解对应工具','视频中所用到的xshell和navicat直接获取哈！','### 工具获取\n\n* xshell 6 绿色破解版：关注公众号：JavaCat，回复 xshell 获取\n* Navicat 11 简体中文版：关注公众号：JavaCat，回复 navicat 获取\n\n公众号二维码：\n\n![JavaCat](//image-1300566513.cos.ap-guangzhou.myqcloud.com/upload/images/20201020/7fa16a1f957f4cfebe7be1f6675f6f36.png \"JavaCat\")\n\n直接扫码回复对应关键字\n\n**推荐阅读：**\n\n[B站86K播放量，SpringBoot+Vue前后端分离完整入门教程！](https://mp.weixin.qq.com/s/jGEkHTf2X8l-wUenc-PpEw)\n\n[分享一套SpringBoot开发博客系统源码，以及完整开发文档！速度保存！](https://mp.weixin.qq.com/s/jz6e977xP-OyaAKNjNca8w)\n\n[Github上最值得学习的100个Java开源项目，涵盖各种技术栈！](https://mp.weixin.qq.com/s/N-U0TaEUXnBFfBsmt_OESQ)\n\n[2020年最新的常问企业面试题大全以及答案](https://mp.weixin.qq.com/s/lR5LC5GnD2Gs59ecV5R0XA)','2020-10-20 05:05:31',0),(7,1,'你真的会写单例模式吗?','单例模式可能是代码最少的模式了，但是少不一定意味着简单，想要用好、用对单例模式，还真得费一番脑筋。本文对 Java 中常见的单例模式写法做了一个总结，如有错漏之处，恳请读者指正。','> 作者：吃桔子的攻城狮 来源：http://www.tekbroaden.com/singleton-java.html\n\n\n单例模式可能是代码最少的模式了，但是少不一定意味着简单，想要用好、用对单例模式，还真得费一番脑筋。本文对 Java 中常见的单例模式写法做了一个总结，如有错漏之处，恳请读者指正。\n\n饿汉法\n===\n\n顾名思义，饿汉法就是在第一次引用该类的时候就创建对象实例，而不管实际是否需要创建。代码如下：\n\n```\npublic class Singleton {\n    private static Singleton = new Singleton();\n    private Singleton() {}\n    public static getSignleton(){\n        return singleton;\n    }\n}\n\n```\n\n这样做的好处是编写简单，但是无法做到延迟创建对象。但是我们很多时候都希望对象可以尽可能地延迟加载，从而减小负载，所以就需要下面的懒汉法：\n','2020-05-22 00:42:44',0),(9,1,'真正理解Mysql的四种隔离级别@','事务是应用程序中一系列严密的操作，所有操作必须成功完成，否则在每个操作中所作的所有更改都会被撤消。也就是事务具有原子性，一个事务中的一系列的操作要么全部成功，要么一个都不做。\n\n事务的结束有两种，当事务中的所以步骤全部成功执行时，事务提交。如果其中一个步骤失败，将发生回滚操作，撤消撤消之前到事务开始时的所以操作。','### 什么是事务\n\n> 事务是应用程序中一系列严密的操作，所有操作必须成功完成，否则在每个操作中所作的所有更改都会被撤消。也就是事务具有原子性，一个事务中的一系列的操作要么全部成功，要么一个都不做。\n>\n> 事务的结束有两种，当事务中的所以步骤全部成功执行时，事务提交。如果其中一个步骤失败，将发生回滚操作，撤消撤消之前到事务开始时的所以操作。\n\n**事务的 ACID**\n\n事务具有四个特征：原子性（ Atomicity ）、一致性（ Consistency ）、隔离性（ Isolation ）和持续性（ Durability ）。这四个特性简称为 ACID 特性。\n\n> 1 、原子性。事务是数据库的逻辑工作单位，事务中包含的各操作要么都做，要么都不做\n>\n> 2 、一致性。事 务执行的结果必须是使数据库从一个一致性状态变到另一个一致性状态。因此当数据库只包含成功事务提交的结果时，就说数据库处于一致性状态。如果数据库系统 运行中发生故障，有些事务尚未完成就被迫中断，这些未完成事务对数据库所做的修改有一部分已写入物理数据库，这时数据库就处于一种不正确的状态，或者说是 不一致的状态。\n> 3.lsllsl','2020-05-22 22:04:46',0),(10,1,'博客项目eblog讲解视频上线啦，长达17个小时！！','1. 慕课网免费资源好久都没更新了，新教程大都付费\n2. B站上的视频繁多，通过收藏和弹幕数量通常很容易判断出视频是否优质\n3. 讲真，B站的弹幕文化，让我觉得，我不是一个在学习，自古人才出评论。哈哈哈\n4. B站视频通常广告少，up主的用心录制，通常只为了你关注他','ok，再回到我们的eblog项目，源码、文档、视频我都开源出来了。来些基本操作：github上给个star，B站视频给个三连支持咧。\n\neblog源码：https://github.com/MarkerHub/eblog\n\n点击这里：[10+篇完整开发文档](https://mp.weixin.qq.com/mp/homepage?__biz=MzIwODkzOTc1MQ==&hid=1&sn=8e512316c3dfe140e636d0c996951166)\n\n![](//image-1300566513.cos.ap-guangzhou.myqcloud.com/upload/images/20200508/c290d945b7d24c79b172759bdb5b94e0.png)\n\n视频讲解：（记得关注我噢！）\n\nhttps://www.bilibili.com/video/BV1ri4y1x71A\n\n![](//image-1300566513.cos.ap-guangzhou.myqcloud.com/upload/images/20200508/983b5abc1c934360a1a1362347a275f7.png)\n\n项目其实还很多bug的，哈哈，我还需要进行二次迭代，到时候再发迭代文档出来。\n\n关注下我的B站，作为一个自媒体的自由职业者，没有什么比涨粉更让我开心的了，嘻嘻。\n\n近期即将推出的视频教程：\n\n1. 搭建脚手架，前后端分离首秀\n2. Shiro入门到精通教程\n3. SpringBoot2.2.6最新入门教程','2020-05-22 22:05:49',0),(15,1,'111','111','111\n# jodjo\n- 记得记得记得记得','2022-08-19 22:00:55',0),(16,1,'666666666测试标题333333','摘要232333330','内容2333333333','2022-09-12 20:59:36',0),(17,1,'gjijgiigjigjig','hjihjiijh','ooooooooooooooooooooo','2022-09-14 13:54:10',0),(18,1,'jijiji','uiusiuisuisuis','jkjkajskjkjskjaskjksajk\n- 打击打击\n','2022-09-14 13:55:57',0),(19,1,'56565','777','donedonedonedonedone','2022-09-14 14:38:31',0),(20,1,'hhh','555','基督教搜集的搜集就','2022-10-30 14:45:18',0),(21,1,'111','111','111','2022-11-28 14:59:08',0),(22,1,'胡叔叔','上述','少时诵诗书','2022-12-01 16:43:55',0);
/*!40000 ALTER TABLE `notice` ENABLE KEYS */;
UNLOCK TABLES;

--
-- Table structure for table `review`
--

DROP TABLE IF EXISTS `review`;
/*!40101 SET @saved_cs_client     = @@character_set_client */;
/*!50503 SET character_set_client = utf8mb4 */;
CREATE TABLE `review` (
  `id` int NOT NULL AUTO_INCREMENT,
  `uuid` varchar(36) DEFAULT NULL,
  `posterId` int DEFAULT NULL,
  `hotelId` int DEFAULT NULL,
  `reviewType` tinyint DEFAULT '0',
  `createTime` datetime NOT NULL DEFAULT CURRENT_TIMESTAMP,
  `positionScore` float(2,1) DEFAULT '5.0',
  `measurementScore` float(2,1) DEFAULT '5.0',
  `serviceScore` float(2,1) DEFAULT '5.0',
  `healthScore` float(2,1) DEFAULT '5.0',
  `text` longtext,
  `replyText` longtext,
  `likedPoint` int DEFAULT '0',
  `video` varchar(200) DEFAULT '',
  `status` int DEFAULT '0',
  PRIMARY KEY (`id`)
) ENGINE=InnoDB AUTO_INCREMENT=13 DEFAULT CHARSET=utf8mb4 COLLATE=utf8mb4_0900_ai_ci;
/*!40101 SET character_set_client = @saved_cs_client */;

--
-- Dumping data for table `review`
--

LOCK TABLES `review` WRITE;
/*!40000 ALTER TABLE `review` DISABLE KEYS */;
INSERT INTO `review` VALUES (2,'15',1,2,0,'2022-11-01 17:54:37',5.0,5.0,5.0,5.0,'11111','',1,'',0),(3,'29452697-9cc2-4bc2-850c-e8ad319d769c',1,2,0,'2022-11-01 18:06:28',5.0,5.0,5.0,5.0,'<p>022 &nbsp;<a href=\"https://hotel-1313882515.cos.ap-guangzhou.myqcloud.com/room/realImg/double_0.jpg\" target=\"_blank\">https://hotel-1313882515.cos.ap-guangzhou.myqcloud.com/room/realImg/double_0.jpg</a> </p>','',0,'',0),(4,'13',1,2,0,'2022-11-02 02:16:59',5.0,5.0,5.0,5.0,'<p>哈哈<s>哈</s>哈<strong>哈哈😫呼呼呼 可恶</strong></p><p><strong>566565678</strong></p>','',2,'',0),(5,'14',1,2,0,'2022-11-02 16:56:41',5.0,5.0,5.0,5.0,'<p><em>环</em><a href=\"https://oj.cse.sustech.edu.cn/course/CS3072022S#announcement\" target=\"_blank\"><strong>境设计后视镜😇565656😇🤙 &nbsp; </strong></a></p><p><span style=\"color: rgb(48, 49, 51); background-color: rgb(255, 255, 255);\">金世佳商务酒店565656568989</span></p>',NULL,1,'',0),(6,'16',1,2,0,'2022-11-02 20:05:05',5.0,5.0,5.0,5.0,'<p>wohh5656556656567889895656</p>',NULL,1,'',0),(7,'17',1,1,0,'2022-11-02 23:42:27',5.0,5.0,5.0,5.0,'33',NULL,0,'',0),(8,'c743a223-3cf3-497e-853e-abdd471eee65',1,2,0,'2022-11-27 22:28:57',5.0,5.0,5.0,5.0,'<p>😉偶偶偶89898</p>',NULL,1,'',0),(9,'fe1cb487-fd93-45e3-ae70-443d7e0bdaed',1,2,0,'2022-11-29 01:09:25',5.0,5.0,5.0,5.0,'<p>56565</p>',NULL,0,'',0),(10,'d37ad77d-c5fe-4f2a-bb0c-54d06ad7674f',1,2,0,'2022-11-29 01:13:42',5.0,5.0,5.0,5.0,'<p>8888989</p>',NULL,1,'',0),(11,'2138fea8-defe-4253-8729-6692d91f7c79',1,2,0,'2022-12-02 08:19:17',5.0,5.0,5.0,5.0,NULL,NULL,0,'',0),(12,'e2bbf32e-0184-4d1a-badb-9552e7a28d42',1,2,0,'2022-12-02 08:37:33',5.0,5.0,5.0,5.0,NULL,NULL,0,'',0);
/*!40000 ALTER TABLE `review` ENABLE KEYS */;
UNLOCK TABLES;

--
-- Table structure for table `reviewfile`
--

DROP TABLE IF EXISTS `reviewfile`;
/*!40101 SET @saved_cs_client     = @@character_set_client */;
/*!50503 SET character_set_client = utf8mb4 */;
CREATE TABLE `reviewfile` (
  `id` int NOT NULL AUTO_INCREMENT,
  `fileType` tinyint DEFAULT NULL,
  `reviewId` int DEFAULT NULL,
  `filePath` varchar(100) DEFAULT NULL,
  PRIMARY KEY (`id`)
) ENGINE=InnoDB AUTO_INCREMENT=21 DEFAULT CHARSET=utf8mb3;
/*!40101 SET character_set_client = @saved_cs_client */;

--
-- Dumping data for table `reviewfile`
--

LOCK TABLES `reviewfile` WRITE;
/*!40000 ALTER TABLE `reviewfile` DISABLE KEYS */;
INSERT INTO `reviewfile` VALUES (1,1,4,'https://hotel-1313882515.cos.ap-guangzhou.myqcloud.com/11.mp4'),(2,0,4,'https://hotel-1313882515.cos.ap-guangzhou.myqcloud.com/0da8b82f8e9748a595047a5d59e26f92.jpg'),(4,0,4,'https://hotel-1313882515.cos.ap-guangzhou.myqcloud.com/hotel/snipaste_20221126_164544.jpg'),(14,0,8,'https://hotel-1313882515.cos.ap-guangzhou.myqcloud.com/d47d0a409e5e46ab9c9b7b7810cba2b9.jpg'),(15,0,8,'https://hotel-1313882515.cos.ap-guangzhou.myqcloud.com/f7fb8805950047cf96a4ef9ba26f7045.jpg'),(16,1,8,'https://hotel-1313882515.cos.ap-guangzhou.myqcloud.com/video/review/8.mp4'),(17,0,8,'https://hotel-1313882515.cos.ap-guangzhou.myqcloud.com/735873a898044c0e942d48830fde720b.jpg'),(18,0,8,'https://hotel-1313882515.cos.ap-guangzhou.myqcloud.com/735873a898044c0e942d48830fde720b.jpg'),(19,1,8,'https://hotel-1313882515.cos.ap-guangzhou.myqcloud.com/video/review/8.mp4'),(20,0,10,'https://hotel-1313882515.cos.ap-guangzhou.myqcloud.com/c76940f98db5409580350d6abd2feae8.jpg');
/*!40000 ALTER TABLE `reviewfile` ENABLE KEYS */;
UNLOCK TABLES;

--
-- Table structure for table `reviewlike`
--

DROP TABLE IF EXISTS `reviewlike`;
/*!40101 SET @saved_cs_client     = @@character_set_client */;
/*!50503 SET character_set_client = utf8mb4 */;
CREATE TABLE `reviewlike` (
  `id` int NOT NULL AUTO_INCREMENT,
  `reviewId` int DEFAULT NULL,
  `likerId` int DEFAULT NULL,
  `createTime` datetime DEFAULT CURRENT_TIMESTAMP,
  `updateTime` datetime DEFAULT CURRENT_TIMESTAMP,
  `status` tinyint DEFAULT '2' COMMENT '0不喜欢 1喜欢 2位置',
  PRIMARY KEY (`id`),
  UNIQUE KEY `reviewId` (`reviewId`,`likerId`)
) ENGINE=InnoDB AUTO_INCREMENT=6450 DEFAULT CHARSET=utf8mb3;
/*!40101 SET character_set_client = @saved_cs_client */;

--
-- Dumping data for table `reviewlike`
--

LOCK TABLES `reviewlike` WRITE;
/*!40000 ALTER TABLE `reviewlike` DISABLE KEYS */;
INSERT INTO `reviewlike` VALUES (1,4,1,'2022-11-05 01:21:25','2022-11-14 22:57:11',1),(2,2,1,'2022-11-05 01:21:25','2022-11-26 13:44:39',1),(6,5,1,'2022-11-05 01:22:05','2022-11-26 13:49:59',1),(12,7,1,'2022-11-05 01:22:45','2022-11-26 15:02:34',0),(65,3,1,'2022-11-05 02:32:26','2022-11-27 22:31:53',0),(1213,6,1,'2022-11-05 14:15:09','2022-11-26 17:55:39',1),(1882,1,1,'2022-11-05 15:42:23','2022-11-05 15:43:00',2),(4064,2,2,'2022-11-26 15:03:45','2022-11-26 15:03:45',2),(4065,3,2,'2022-11-26 15:03:45','2022-11-26 15:03:45',2),(4066,4,2,'2022-11-26 15:03:45','2022-11-26 15:03:54',1),(4067,5,2,'2022-11-26 15:03:45','2022-11-26 15:03:45',2),(4068,6,2,'2022-11-26 15:03:45','2022-11-26 15:03:45',2),(4069,7,2,'2022-11-26 15:03:49','2022-11-26 15:03:49',2),(4950,8,1,'2022-11-27 22:29:20','2022-11-28 16:23:39',1),(5805,9,1,'2022-11-29 01:09:44','2022-11-29 01:09:44',2),(5830,10,1,'2022-11-29 01:13:49','2022-11-29 03:18:05',1),(6410,11,1,'2022-12-02 08:29:45','2022-12-02 08:29:45',2),(6435,12,1,'2022-12-02 08:53:23','2022-12-02 08:53:23',2);
/*!40000 ALTER TABLE `reviewlike` ENABLE KEYS */;
UNLOCK TABLES;

--
-- Table structure for table `room`
--

DROP TABLE IF EXISTS `room`;
/*!40101 SET @saved_cs_client     = @@character_set_client */;
/*!50503 SET character_set_client = utf8mb4 */;
CREATE TABLE `room` (
  `id` int NOT NULL AUTO_INCREMENT,
  `hotelId` int DEFAULT NULL COMMENT '酒店编号',
  `roomStockId` int DEFAULT NULL,
  `roomNo` int DEFAULT NULL COMMENT '房间号',
  `roomFloor` int DEFAULT NULL COMMENT '房间楼层',
  `floorType` tinyint DEFAULT '0' COMMENT '楼层结构类型 0表示简约类型，1表示豪华类型',
  `floorImg` varchar(250) DEFAULT '' COMMENT '楼层3D图',
  `roomStatus` tinyint DEFAULT '0' COMMENT '房间状态 0表示空闲 1表示已预订 2表示已入住 3表示正在清洁',
  `isSeckill` tinyint DEFAULT '0' COMMENT '0表示非秒杀，1表示秒杀',
  PRIMARY KEY (`id`)
) ENGINE=InnoDB AUTO_INCREMENT=21 DEFAULT CHARSET=utf8mb3;
/*!40101 SET character_set_client = @saved_cs_client */;

--
-- Dumping data for table `room`
--

LOCK TABLES `room` WRITE;
/*!40000 ALTER TABLE `room` DISABLE KEYS */;
INSERT INTO `room` VALUES (1,2,2,201,2,0,'',3,0),(2,2,2,202,2,0,'',1,1),(3,2,2,203,2,0,'',0,1),(5,2,2,101,1,0,'',1,1),(6,2,2,102,1,0,'',0,0),(8,2,2,301,3,0,'',2,1),(9,2,2,302,3,0,'',1,1),(10,2,2,303,3,0,'',1,1),(11,2,2,103,1,0,'',2,1),(12,22,5,101,1,0,'',0,0),(13,22,5,102,1,0,'',0,0),(14,22,5,103,1,0,'',0,0),(15,22,5,201,2,0,'',0,0),(16,22,5,202,2,0,'',0,0),(17,22,5,203,2,0,'',0,0),(18,22,5,301,3,0,'',0,0),(19,22,5,302,3,0,'',0,0),(20,22,5,303,3,0,'',0,0);
/*!40000 ALTER TABLE `room` ENABLE KEYS */;
UNLOCK TABLES;

--
-- Table structure for table `room_stock`
--

DROP TABLE IF EXISTS `room_stock`;
/*!40101 SET @saved_cs_client     = @@character_set_client */;
/*!50503 SET character_set_client = utf8mb4 */;
CREATE TABLE `room_stock` (
  `id` int NOT NULL AUTO_INCREMENT,
  `hotelId` int DEFAULT NULL,
  `roomTitle` varchar(25) DEFAULT NULL COMMENT '房间标题',
  `roomDetail` varchar(100) DEFAULT '装修时尚高雅，设施齐全，环境舒适。',
  `price` float(5,2) DEFAULT '0.00' COMMENT '房间价格',
  `area` int DEFAULT NULL,
  `plainImg` varchar(200) DEFAULT 'https://hotel-1313882515.cos.ap-guangzhou.myqcloud.com/like-icon/no_pic.jpg',
  `realImg` varchar(200) DEFAULT 'https://hotel-1313882515.cos.ap-guangzhou.myqcloud.com/like-icon/no_pic.jpg',
  `stock` int DEFAULT '0' COMMENT '房间库存',
  `bookNum` int DEFAULT '0' COMMENT '预定数量',
  `liveNum` int DEFAULT '0' COMMENT '入住数量',
  `tag` varchar(30) DEFAULT '标准间',
  PRIMARY KEY (`id`)
) ENGINE=InnoDB AUTO_INCREMENT=8 DEFAULT CHARSET=utf8mb3;
/*!40101 SET character_set_client = @saved_cs_client */;

--
-- Dumping data for table `room_stock`
--

LOCK TABLES `room_stock` WRITE;
/*!40000 ALTER TABLE `room_stock` DISABLE KEYS */;
INSERT INTO `room_stock` VALUES (1,2,'豪华双人房','装修时尚高雅，设施齐全，环境舒适。',200.00,200,'https://hotel-1313882515.cos.ap-guangzhou.myqcloud.com/room/plainImg/pdouble_0.jpg','https://hotel-1313882515.cos.ap-guangzhou.myqcloud.com/room/realImg/single_0.jpg',20,11,1,'标准间,双人间,大床房'),(2,2,'实惠双人房','装修时尚高雅，设施齐全，环境舒适。',50.00,50,'https://hotel-1313882515.cos.ap-guangzhou.myqcloud.com/room/plainImg/pdouble_0.jpg','https://hotel-1313882515.cos.ap-guangzhou.myqcloud.com/room/realImg/single_0.jpg',100,15,0,'标准间,套间,商务房'),(4,2,'平价单人房','装修时尚高雅，设施齐全，环境舒适。',100.00,200,'https://hotel-1313882515.cos.ap-guangzhou.myqcloud.com/room/plainImg/pdouble_0.jpg','https://hotel-1313882515.cos.ap-guangzhou.myqcloud.com/like-icon/no_pic.jpg',30,0,0,'标准间,套间'),(5,22,'豪华双人房','装修时尚高雅，设施齐全，环境舒适。',200.00,100,'https://hotel-1313882515.cos.ap-guangzhou.myqcloud.com/room/plainImg/pdouble_0.jpg','https://hotel-1313882515.cos.ap-guangzhou.myqcloud.com/room/realImg/single_0.jpg',20,0,0,'标准间,双人间,大床房'),(6,22,'实惠双人房','装修时尚高雅，设施齐全，环境舒适。',50.00,100,'https://hotel-1313882515.cos.ap-guangzhou.myqcloud.com/room/plainImg/pdouble_0.jpg','https://hotel-1313882515.cos.ap-guangzhou.myqcloud.com/room/realImg/single_0.jpg',30,0,0,'双人间,大床房'),(7,22,'平价单人房','装修时尚高雅，设施齐全，环境舒适。',100.00,100,'https://hotel-1313882515.cos.ap-guangzhou.myqcloud.com/room/plainImg/pdouble_0.jpg','https://hotel-1313882515.cos.ap-guangzhou.myqcloud.com/room/realImg/single_0.jpg',15,0,0,'标准间,套间');
/*!40000 ALTER TABLE `room_stock` ENABLE KEYS */;
UNLOCK TABLES;

--
-- Table structure for table `seckill_bill`
--

DROP TABLE IF EXISTS `seckill_bill`;
/*!40101 SET @saved_cs_client     = @@character_set_client */;
/*!50503 SET character_set_client = utf8mb4 */;
CREATE TABLE `seckill_bill` (
  `id` int NOT NULL AUTO_INCREMENT COMMENT '自增ID',
  `accountId` int DEFAULT NULL COMMENT '关联AccountId',
  `billUUID` varchar(36) DEFAULT NULL COMMENT '关联账单UUID',
  `roomStockId` int DEFAULT NULL COMMENT '关联roomStockID',
  PRIMARY KEY (`id`)
) ENGINE=InnoDB DEFAULT CHARSET=utf8mb3;
/*!40101 SET character_set_client = @saved_cs_client */;

--
-- Dumping data for table `seckill_bill`
--

LOCK TABLES `seckill_bill` WRITE;
/*!40000 ALTER TABLE `seckill_bill` DISABLE KEYS */;
/*!40000 ALTER TABLE `seckill_bill` ENABLE KEYS */;
UNLOCK TABLES;

--
-- Table structure for table `seckill_room`
--

DROP TABLE IF EXISTS `seckill_room`;
/*!40101 SET @saved_cs_client     = @@character_set_client */;
/*!50503 SET character_set_client = utf8mb4 */;
CREATE TABLE `seckill_room` (
  `id` int NOT NULL AUTO_INCREMENT COMMENT '自增ID',
  `roomStockId` int NOT NULL COMMENT '商品ID',
  `seckillPrice` float(5,2) DEFAULT '0.00' COMMENT '房间价格',
  `stock` int DEFAULT '0' COMMENT '库存数量',
  `startTime` datetime NOT NULL COMMENT '秒杀开始时间',
  `endTime` datetime NOT NULL COMMENT '秒杀结束时间',
  `bookNum` int DEFAULT '0' COMMENT '预定数量',
  `liveNum` int DEFAULT '0' COMMENT '入住数量',
  `seckillEventTitle` varchar(50) DEFAULT NULL COMMENT '秒杀活动标题',
  PRIMARY KEY (`id`)
) ENGINE=InnoDB AUTO_INCREMENT=7 DEFAULT CHARSET=utf8mb3;
/*!40101 SET character_set_client = @saved_cs_client */;

--
-- Dumping data for table `seckill_room`
--

LOCK TABLES `seckill_room` WRITE;
/*!40000 ALTER TABLE `seckill_room` DISABLE KEYS */;
INSERT INTO `seckill_room` VALUES (1,1,150.00,20,'2022-10-18 14:23:56','2022-12-27 14:24:05',4,1,'jjjj'),(2,2,20.00,30,'2022-10-18 14:24:23','2022-12-30 14:24:28',22,0,'kkk'),(6,4,80.00,200,'2022-10-02 04:05:34','2022-12-31 04:05:41',56,0,'5656');
/*!40000 ALTER TABLE `seckill_room` ENABLE KEYS */;
UNLOCK TABLES;

--
-- Table structure for table `seckillevent`
--

DROP TABLE IF EXISTS `seckillevent`;
/*!40101 SET @saved_cs_client     = @@character_set_client */;
/*!50503 SET character_set_client = utf8mb4 */;
CREATE TABLE `seckillevent` (
  `id` int NOT NULL AUTO_INCREMENT,
  `title` varchar(50) DEFAULT NULL COMMENT '活动标题',
  `detail` varchar(300) DEFAULT NULL COMMENT '活动详情',
  `startTime` datetime DEFAULT NULL,
  `endTime` datetime DEFAULT NULL,
  PRIMARY KEY (`id`)
) ENGINE=InnoDB DEFAULT CHARSET=utf8mb3;
/*!40101 SET character_set_client = @saved_cs_client */;

--
-- Dumping data for table `seckillevent`
--

LOCK TABLES `seckillevent` WRITE;
/*!40000 ALTER TABLE `seckillevent` DISABLE KEYS */;
/*!40000 ALTER TABLE `seckillevent` ENABLE KEYS */;
UNLOCK TABLES;

--
-- Table structure for table `staff`
--

DROP TABLE IF EXISTS `staff`;
/*!40101 SET @saved_cs_client     = @@character_set_client */;
/*!50503 SET character_set_client = utf8mb4 */;
CREATE TABLE `staff` (
  `id` int NOT NULL AUTO_INCREMENT,
  `uuid` varchar(36) DEFAULT NULL,
  `hotelId` int DEFAULT NULL,
  `staffType` tinyint DEFAULT NULL,
  `credit` int DEFAULT '0',
  PRIMARY KEY (`id`),
  UNIQUE KEY `uuid` (`uuid`)
) ENGINE=InnoDB AUTO_INCREMENT=8 DEFAULT CHARSET=utf8mb3;
/*!40101 SET character_set_client = @saved_cs_client */;

--
-- Dumping data for table `staff`
--

LOCK TABLES `staff` WRITE;
/*!40000 ALTER TABLE `staff` DISABLE KEYS */;
INSERT INTO `staff` VALUES (6,'1a152aa9-5c00-4c0b-b41f-4060ae528d37',1,1,0),(7,'5657dd26-e751-4732-904a-18ccbbe21c54',NULL,NULL,0);
/*!40000 ALTER TABLE `staff` ENABLE KEYS */;
UNLOCK TABLES;

--
-- Table structure for table `user`
--

DROP TABLE IF EXISTS `user`;
/*!40101 SET @saved_cs_client     = @@character_set_client */;
/*!50503 SET character_set_client = utf8mb4 */;
CREATE TABLE `user` (
  `id` int NOT NULL AUTO_INCREMENT,
  `uuid` varchar(36) DEFAULT NULL,
  `credit` int DEFAULT '0',
  `userType` int DEFAULT '0',
  `money` int DEFAULT '0' COMMENT '用户账户现金',
  PRIMARY KEY (`id`),
  UNIQUE KEY `uuid` (`uuid`)
) ENGINE=InnoDB AUTO_INCREMENT=170 DEFAULT CHARSET=utf8mb3;
/*!40101 SET character_set_client = @saved_cs_client */;

--
-- Dumping data for table `user`
--

LOCK TABLES `user` WRITE;
/*!40000 ALTER TABLE `user` DISABLE KEYS */;
INSERT INTO `user` VALUES (1,'1a152aa9-5c00-4c0b-b41f-4060ae528d37',100,0,0),(2,'181714de-e514-4f79-948e-b2602dd57a05',20,0,0),(9,'250fb0c3-1a49-424b-8b38-f29f90f55917',0,0,0),(10,'57c77597-7b4c-4b66-8256-de22f72ae8ff',0,1,0),(11,'49e32e91-ca15-473b-a496-57bc072512b5',0,1,0),(26,'a2a3d9e0-2fb0-4ed7-9b3b-a96df685e02c',11,1,0),(27,'6ff9cf17-7f53-4ed9-9c30-a122ee1e285d',520,0,0),(28,'7d1fd58f-ee58-4a9e-b7c6-af6ab63609f5',444,1,0),(30,'3e2f4656-a50e-4c1b-aed1-2763c7e9caad',569,0,0),(31,'11c17565-4219-475d-b65b-89e930862d46',56,1,0),(33,'463ddbfb-70ec-4faa-8ee3-5f15cf961a86',0,0,0),(34,'3a7cee7b-c5f6-44d3-aba9-de4108ea5fce',0,0,0),(35,'62831c62-b490-4909-a0d4-b2d3bd559df6',0,0,0),(36,'7b3b4ef3-e6d0-4ff3-bfd8-1451337b738c',0,1,0),(37,'0e88ca9e-2134-46e1-9e16-5c1a92cd1c56',0,1,0),(153,'87dd4864-3f9b-4677-ba2e-115e9ab522f6',0,0,0),(154,'99fd0fa0-ebfa-4434-a84a-ef17c0ad3633',0,0,0),(155,'5fd691c4-12a2-4508-8fd2-ee2304db29e2',0,0,0),(156,'db950137-3f4c-41b5-9102-588ae8981a11',0,1,0),(158,'e35fbbad-9fbe-4481-8dd0-77b57e858292',0,0,0),(159,'ba092b7a-f088-497d-ab0d-a2dc03d43185',0,0,0),(160,'3b31696e-d126-49ce-99c0-30974cacd63b',0,0,0),(161,'8d945fd0-ee38-481a-acec-87611fc2a43c',0,0,0),(162,'4bf7c1de-a0fb-44dd-b8f7-771e9833dd58',0,0,0),(163,'2192109a-6061-425e-9403-f94fc9ba435b',0,0,0),(164,'18a6dc11-3367-4cad-8371-d6c57792e8b1',0,0,0),(165,'ccfbf93f-b2a3-413f-b66f-5bfd801a535c',0,0,0),(166,'2dbb34b5-0c6d-4ab0-a7c3-2b5f97cb6b99',0,0,0),(167,'7e406126-bcbf-4f61-a1d0-42163df530bd',0,0,0),(168,'5d7391e7-02c3-44de-ad2a-41365f7065d3',0,0,0),(169,'92aef953-43c2-485b-b7f9-ade6cb8a2c0c',0,0,0);
/*!40000 ALTER TABLE `user` ENABLE KEYS */;
UNLOCK TABLES;

--
-- Table structure for table `usermoney`
--

DROP TABLE IF EXISTS `usermoney`;
/*!40101 SET @saved_cs_client     = @@character_set_client */;
/*!50503 SET character_set_client = utf8mb4 */;
CREATE TABLE `usermoney` (
  `id` bigint NOT NULL AUTO_INCREMENT,
  `accountId` int DEFAULT NULL,
  `money` float(10,2) DEFAULT NULL,
  PRIMARY KEY (`id`)
) ENGINE=InnoDB AUTO_INCREMENT=3 DEFAULT CHARSET=utf8mb4 COLLATE=utf8mb4_unicode_ci;
/*!40101 SET character_set_client = @saved_cs_client */;

--
-- Dumping data for table `usermoney`
--

LOCK TABLES `usermoney` WRITE;
/*!40000 ALTER TABLE `usermoney` DISABLE KEYS */;
INSERT INTO `usermoney` VALUES (1,1,5000.00),(2,2,400.00);
/*!40000 ALTER TABLE `usermoney` ENABLE KEYS */;
UNLOCK TABLES;

--
-- Table structure for table `visitor`
--

DROP TABLE IF EXISTS `visitor`;
/*!40101 SET @saved_cs_client     = @@character_set_client */;
/*!50503 SET character_set_client = utf8mb4 */;
CREATE TABLE `visitor` (
  `id` int NOT NULL AUTO_INCREMENT,
  `name` varchar(20) COLLATE utf8mb4_unicode_ci DEFAULT NULL,
  `visitTime` datetime DEFAULT CURRENT_TIMESTAMP COMMENT '登陆时间',
  `totalNum` int DEFAULT '0' COMMENT '当前网站所在总人数',
  `visitType` int DEFAULT '0' COMMENT '0表示进入网站 1表示离开网站',
  PRIMARY KEY (`id`)
) ENGINE=InnoDB AUTO_INCREMENT=1217 DEFAULT CHARSET=utf8mb4 COLLATE=utf8mb4_unicode_ci;
/*!40101 SET character_set_client = @saved_cs_client */;

--
-- Dumping data for table `visitor`
--

LOCK TABLES `visitor` WRITE;
/*!40000 ALTER TABLE `visitor` DISABLE KEYS */;
INSERT INTO `visitor` VALUES (1,'markerhub','2022-11-26 15:00:49',1,0),(2,'markerhub','2022-11-26 15:04:51',1,0),(3,'markerhub','2022-11-26 15:05:08',0,1),(4,'markerhub','2022-11-26 15:05:08',1,0),(5,'markerhub','2022-11-26 15:15:50',0,1),(6,'markerhub','2022-11-26 15:15:51',1,0),(7,'markerhub','2022-11-26 15:22:52',0,1),(8,'markerhub','2022-11-26 15:22:53',1,0),(9,'markerhub','2022-11-26 15:25:47',0,1),(10,'markerhub','2022-11-26 15:25:48',1,0),(11,'markerhub','2022-11-26 15:34:38',0,1),(12,'markerhub','2022-11-26 15:34:39',1,0),(13,'markerhub','2022-11-26 15:43:07',0,1),(14,'markerhub','2022-11-26 15:43:08',1,0),(15,'markerhub','2022-11-26 15:44:01',0,1),(16,'markerhub','2022-11-26 15:44:01',1,0),(17,'markerhub','2022-11-26 15:44:58',0,1),(18,'markerhub','2022-11-26 15:45:01',1,0),(19,'markerhub','2022-11-26 15:58:21',0,1),(20,'markerhub','2022-11-26 16:05:37',1,0),(21,'markerhub','2022-11-26 16:06:12',0,1),(22,'markerhub','2022-11-26 16:06:12',1,0),(23,'markerhub','2022-11-26 16:06:42',0,1),(24,'markerhub','2022-11-26 16:06:43',1,0),(25,'markerhub','2022-11-26 16:07:01',0,1),(26,'markerhub','2022-11-26 16:07:02',1,0),(27,'markerhub','2022-11-26 18:42:14',1,0),(28,'markerhub','2022-11-26 18:47:46',0,1),(29,'markerhub','2022-11-26 18:47:49',1,0),(30,'markerhub','2022-11-26 18:50:28',0,1),(31,'markerhub','2022-11-26 18:50:31',1,0),(32,'markerhub','2022-11-26 18:55:06',0,1),(33,'markerhub','2022-11-26 18:55:07',1,0),(34,'markerhub','2022-11-26 18:59:25',0,1),(35,'markerhub','2022-11-26 19:03:13',1,0),(36,'markerhub','2022-11-26 19:05:53',0,1),(37,'markerhub','2022-11-26 19:05:56',1,0),(38,'markerhub','2022-11-26 19:09:32',0,1),(39,'markerhub','2022-11-26 19:09:35',1,0),(40,'markerhub','2022-11-26 19:12:39',0,1),(41,'markerhub','2022-11-26 19:12:42',1,0),(42,'markerhub','2022-11-26 19:14:43',0,1),(43,'markerhub','2022-11-26 19:14:44',1,0),(44,'markerhub','2022-11-26 19:15:15',0,1),(45,'markerhub','2022-11-27 08:28:18',1,0),(46,'markerhub','2022-11-27 08:28:56',0,1),(47,'markerhub','2022-11-27 08:28:56',1,0),(48,'markerhub','2022-11-27 08:28:59',0,1),(49,'markerhub','2022-11-27 08:28:59',1,0),(50,'markerhub','2022-11-27 08:29:12',0,1),(51,'markerhub','2022-11-27 08:29:12',1,0),(52,'markerhub','2022-11-27 08:29:18',0,1),(53,'markerhub','2022-11-27 08:29:18',1,0),(54,'markerhub','2022-11-27 08:29:31',0,1),(55,'markerhub','2022-11-27 08:29:31',1,0),(56,'markerhub','2022-11-27 08:30:25',0,1),(57,'markerhub','2022-11-27 08:30:30',1,0),(58,'markerhub','2022-11-27 08:31:38',0,1),(59,'markerhub','2022-11-27 08:44:15',1,0),(60,'markerhub','2022-11-27 12:00:47',1,0),(61,'markerhub','2022-11-27 12:36:38',0,1),(62,'markerhub','2022-11-27 12:36:44',1,0),(63,'markerhub','2022-11-27 12:41:31',0,1),(64,'markerhub','2022-11-27 13:01:06',1,0),(65,'markerhub','2022-11-27 13:15:44',1,0),(66,'markerhub','2022-11-27 13:15:48',0,1),(67,'markerhub','2022-11-27 13:15:49',1,0),(68,'markerhub','2022-11-27 13:16:25',0,1),(69,'markerhub','2022-11-27 13:16:26',1,0),(70,'markerhub','2022-11-27 13:16:33',0,1),(71,'markerhub','2022-11-27 13:16:34',1,0),(72,'markerhub','2022-11-27 13:21:28',0,1),(73,'markerhub','2022-11-27 13:21:29',1,0),(74,'markerhub','2022-11-27 13:21:36',0,1),(75,'markerhub','2022-11-27 13:21:37',1,0),(76,'markerhub','2022-11-27 13:22:52',0,1),(77,'markerhub','2022-11-27 13:22:53',1,0),(78,'markerhub','2022-11-27 13:23:02',0,1),(79,'markerhub','2022-11-27 13:23:02',1,0),(80,'markerhub','2022-11-27 13:23:28',0,1),(81,'markerhub','2022-11-27 13:23:28',1,0),(82,'markerhub','2022-11-27 13:23:47',0,1),(83,'markerhub','2022-11-27 13:23:48',1,0),(84,'markerhub','2022-11-27 13:25:04',0,1),(85,'markerhub','2022-11-27 13:25:05',1,0),(86,'markerhub','2022-11-27 13:25:17',0,1),(87,'markerhub','2022-11-27 13:25:18',1,0),(88,'markerhub','2022-11-27 13:25:27',0,1),(89,'markerhub','2022-11-27 13:25:28',1,0),(90,'markerhub','2022-11-27 13:26:02',0,1),(91,'markerhub','2022-11-27 13:26:04',1,0),(92,'markerhub','2022-11-27 13:26:15',0,1),(93,'markerhub','2022-11-27 13:26:16',1,0),(94,'markerhub','2022-11-27 13:26:35',0,1),(95,'markerhub','2022-11-27 13:26:35',1,0),(96,'markerhub','2022-11-27 13:56:18',1,0),(97,'markerhub','2022-11-27 13:58:08',0,1),(98,'markerhub','2022-11-27 13:58:09',1,0),(99,'markerhub','2022-11-27 14:03:22',0,1),(100,'markerhub','2022-11-27 14:03:24',1,0),(101,'markerhub','2022-11-27 14:09:46',1,0),(102,'markerhub','2022-11-27 14:10:48',0,1),(103,'markerhub','2022-11-27 14:15:09',1,0),(104,'markerhub','2022-11-27 14:15:17',0,1),(105,'markerhub','2022-11-27 14:15:17',1,0),(106,'markerhub','2022-11-27 14:16:24',0,1),(107,'markerhub','2022-11-27 14:16:25',1,0),(108,'markerhub','2022-11-27 14:25:27',0,1),(109,'markerhub','2022-11-27 14:25:28',1,0),(110,'markerhub','2022-11-27 14:28:07',0,1),(111,'markerhub','2022-11-27 14:28:08',1,0),(112,'markerhub','2022-11-27 14:28:55',0,1),(113,'markerhub','2022-11-27 14:28:55',1,0),(114,'markerhub','2022-11-27 14:29:09',0,1),(115,'markerhub','2022-11-27 14:29:09',1,0),(116,'markerhub','2022-11-27 14:31:55',0,1),(117,'markerhub','2022-11-27 14:31:56',1,0),(118,'markerhub','2022-11-27 14:37:13',0,1),(119,'markerhub','2022-11-27 14:37:14',1,0),(120,'markerhub','2022-11-27 14:37:51',0,1),(121,'markerhub','2022-11-27 14:37:52',1,0),(122,'markerhub','2022-11-27 14:39:03',0,1),(123,'markerhub','2022-11-27 14:39:04',1,0),(124,'markerhub','2022-11-27 14:43:41',1,0),(125,'markerhub','2022-11-27 14:44:25',0,1),(126,'markerhub','2022-11-27 14:44:26',1,0),(127,'markerhub','2022-11-27 14:44:49',0,1),(128,'markerhub','2022-11-27 14:44:49',1,0),(129,'markerhub','2022-11-27 14:45:27',0,1),(130,'markerhub','2022-11-27 14:45:28',1,0),(131,'markerhub','2022-11-27 14:46:29',0,1),(132,'markerhub','2022-11-27 14:46:30',1,0),(133,'markerhub','2022-11-27 14:48:29',0,1),(134,'markerhub','2022-11-27 14:48:30',1,0),(135,'markerhub','2022-11-27 14:52:47',0,1),(136,'markerhub','2022-11-27 14:52:48',1,0),(137,'markerhub','2022-11-27 14:53:04',0,1),(138,'markerhub','2022-11-27 14:53:05',1,0),(139,'markerhub','2022-11-27 14:53:39',0,1),(140,'markerhub','2022-11-27 14:53:40',1,0),(141,'markerhub','2022-11-27 14:54:24',0,1),(142,'markerhub','2022-11-27 14:54:24',1,0),(143,'markerhub','2022-11-27 14:54:50',0,1),(144,'markerhub','2022-11-27 14:54:50',1,0),(145,'markerhub','2022-11-27 14:55:52',0,1),(146,'markerhub','2022-11-27 14:55:52',1,0),(147,'markerhub','2022-11-27 14:56:51',0,1),(148,'markerhub','2022-11-27 14:56:52',1,0),(149,'markerhub','2022-11-27 15:04:30',0,1),(150,'markerhub','2022-11-27 15:04:31',1,0),(151,'markerhub','2022-11-27 15:08:14',0,1),(152,'markerhub','2022-11-27 15:08:15',1,0),(153,'markerhub','2022-11-27 15:10:16',0,1),(154,'markerhub','2022-11-27 15:10:19',1,0),(155,'markerhub','2022-11-27 15:11:15',0,1),(156,'markerhub','2022-11-27 15:11:18',1,0),(157,'markerhub','2022-11-27 15:13:17',0,1),(158,'markerhub','2022-11-27 15:13:20',1,0),(159,'markerhub','2022-11-27 15:15:58',0,1),(160,'markerhub','2022-11-27 15:16:00',1,0),(161,'markerhub','2022-11-27 15:26:38',0,1),(162,'markerhub','2022-11-27 15:26:42',1,0),(163,'markerhub','2022-11-27 15:30:30',0,1),(164,'markerhub','2022-11-27 15:30:31',1,0),(165,'markerhub','2022-11-27 15:32:25',0,1),(166,'markerhub','2022-11-27 15:32:26',1,0),(167,'markerhub','2022-11-27 15:33:07',0,1),(168,'markerhub','2022-11-27 15:33:07',1,0),(169,'markerhub','2022-11-27 15:33:30',0,1),(170,'markerhub','2022-11-27 15:33:31',1,0),(171,'markerhub','2022-11-27 15:34:00',0,1),(172,'markerhub','2022-11-27 15:34:00',1,0),(173,'markerhub','2022-11-27 15:34:35',0,1),(174,'markerhub','2022-11-27 15:34:36',1,0),(175,'markerhub','2022-11-27 15:48:07',0,1),(176,'markerhub','2022-11-27 15:48:10',1,0),(177,'markerhub','2022-11-27 15:48:36',0,1),(178,'markerhub','2022-11-27 15:48:39',1,0),(179,'markerhub','2022-11-27 15:53:07',0,1),(180,'markerhub','2022-11-27 16:14:44',1,0),(181,'markerhub','2022-11-27 16:17:03',1,0),(182,'markerhub','2022-11-27 16:24:35',1,0),(183,'markerhub','2022-11-27 16:27:00',0,1),(184,'markerhub','2022-11-27 16:27:07',1,0),(185,'markerhub','2022-11-27 16:32:23',0,1),(186,'markerhub','2022-11-27 16:32:24',0,1),(187,'markerhub','2022-11-27 16:32:26',0,1),(188,'markerhub','2022-11-27 16:34:41',1,0),(189,'markerhub','2022-11-27 16:37:15',1,0),(190,'markerhub','2022-11-27 16:38:20',0,1),(191,'markerhub','2022-11-27 16:38:21',1,0),(192,'markerhub','2022-11-27 16:40:51',0,1),(193,'markerhub','2022-11-27 16:40:52',1,0),(194,'markerhub','2022-11-27 16:45:34',0,1),(195,'markerhub','2022-11-27 16:45:37',1,0),(196,'markerhub','2022-11-27 16:55:35',0,1),(197,'markerhub','2022-11-27 16:55:36',1,0),(198,'markerhub','2022-11-27 16:57:16',1,0),(199,'markerhub','2022-11-27 16:57:41',0,1),(200,'markerhub','2022-11-27 17:10:02',1,0),(201,'markerhub','2022-11-27 17:10:49',0,1),(202,'markerhub','2022-11-27 17:11:04',1,0),(203,'markerhub','2022-11-27 17:21:50',1,0),(204,'markerhub','2022-11-27 17:23:31',0,1),(205,'markerhub','2022-11-27 17:32:51',1,0),(206,'markerhub','2022-11-27 17:36:07',0,1),(207,'h321','2022-11-27 17:36:07',1,0),(208,'markerhub','2022-11-27 17:36:10',1,1),(209,'markerhub','2022-11-27 17:36:12',2,0),(210,'h321','2022-11-27 17:36:50',1,1),(211,'markerhub','2022-11-27 17:39:20',1,0),(212,'markerhub','2022-11-27 17:40:01',0,1),(213,'markerhub','2022-11-27 17:40:02',1,0),(214,'markerhub','2022-11-27 17:40:41',0,1),(215,'markerhub','2022-11-27 17:40:42',1,0),(216,'markerhub','2022-11-27 17:41:23',0,1),(217,'markerhub','2022-11-27 17:41:24',1,0),(218,'markerhub','2022-11-27 17:52:26',1,0),(219,'markerhub','2022-11-27 17:55:28',0,1),(220,'markerhub','2022-11-27 17:55:30',1,0),(221,'markerhub','2022-11-27 18:00:03',0,1),(222,'markerhub','2022-11-27 18:01:06',1,0),(223,'markerhub','2022-11-27 18:01:41',0,1),(224,'markerhub','2022-11-27 18:03:03',1,0),(225,'markerhub','2022-11-27 18:03:49',0,1),(226,'markerhub','2022-11-27 18:03:50',1,0),(227,'markerhub','2022-11-27 18:09:27',0,1),(228,'markerhub','2022-11-27 18:09:30',1,0),(229,'markerhub','2022-11-27 18:09:54',0,1),(230,'markerhub','2022-11-27 18:09:57',1,0),(231,'markerhub','2022-11-27 18:11:20',0,1),(232,'markerhub','2022-11-27 18:11:21',1,0),(233,'markerhub','2022-11-27 18:40:03',1,0),(234,'markerhub','2022-11-27 18:40:57',0,1),(235,'markerhub','2022-11-27 18:40:58',1,0),(236,'markerhub','2022-11-27 18:43:33',1,0),(237,'markerhub','2022-11-27 18:43:43',0,1),(238,'markerhub','2022-11-27 18:43:44',1,0),(239,'markerhub','2022-11-27 18:44:06',0,1),(240,'markerhub','2022-11-27 18:44:06',1,0),(241,'markerhub','2022-11-27 18:44:47',0,1),(242,'markerhub','2022-11-27 18:44:48',1,0),(243,'markerhub','2022-11-27 18:45:12',0,1),(244,'markerhub','2022-11-27 18:45:13',1,0),(245,'markerhub','2022-11-27 18:47:39',0,1),(246,'markerhub','2022-11-27 18:47:41',1,0),(247,'markerhub','2022-11-27 18:48:09',0,1),(248,'markerhub','2022-11-27 18:48:10',1,0),(249,'markerhub','2022-11-27 18:48:21',0,1),(250,'markerhub','2022-11-27 18:48:21',1,0),(251,'markerhub','2022-11-27 18:49:50',0,1),(252,'markerhub','2022-11-27 18:49:50',1,0),(253,'markerhub','2022-11-27 18:49:59',0,1),(254,'markerhub','2022-11-27 18:50:01',1,0),(255,'markerhub','2022-11-27 18:52:57',0,1),(256,'markerhub','2022-11-27 18:52:59',1,0),(257,'markerhub','2022-11-27 18:53:25',0,1),(258,'markerhub','2022-11-27 18:53:27',1,0),(259,'markerhub','2022-11-27 18:55:12',1,0),(260,'markerhub','2022-11-27 18:55:28',0,1),(261,'markerhub','2022-11-27 18:55:29',1,0),(262,'markerhub','2022-11-27 18:55:38',0,1),(263,'markerhub','2022-11-27 18:55:39',1,0),(264,'markerhub','2022-11-27 18:56:09',0,1),(265,'markerhub','2022-11-27 18:56:10',1,0),(266,'markerhub','2022-11-27 18:56:36',0,1),(267,'markerhub','2022-11-27 18:56:38',1,0),(268,'markerhub','2022-11-27 18:57:48',0,1),(269,'markerhub','2022-11-27 18:57:49',1,0),(270,'markerhub','2022-11-27 19:01:02',0,1),(271,'markerhub','2022-11-27 19:01:05',1,0),(272,'markerhub','2022-11-27 19:03:43',0,1),(273,'markerhub','2022-11-27 19:03:44',1,0),(274,'markerhub','2022-11-27 19:06:54',0,1),(275,'markerhub','2022-11-27 19:06:55',1,0),(276,'markerhub','2022-11-27 19:07:16',0,1),(277,'markerhub','2022-11-27 19:07:16',1,0),(278,'markerhub','2022-11-27 19:07:42',0,1),(279,'markerhub','2022-11-27 19:07:43',1,0),(280,'markerhub','2022-11-27 19:12:11',1,0),(281,'markerhub','2022-11-27 19:13:36',1,0),(282,'markerhub','2022-11-27 19:14:19',0,1),(283,'markerhub','2022-11-27 19:15:00',1,0),(284,'markerhub','2022-11-27 19:15:33',0,1),(285,'markerhub','2022-11-27 19:16:07',1,0),(286,'markerhub','2022-11-27 19:17:24',0,1),(287,'markerhub','2022-11-27 19:17:26',1,0),(288,'markerhub','2022-11-27 19:17:31',0,1),(289,'markerhub','2022-11-27 19:17:32',1,0),(290,'markerhub','2022-11-27 19:17:58',0,1),(291,'markerhub','2022-11-27 19:17:58',1,0),(292,'markerhub','2022-11-27 19:21:58',0,1),(293,'markerhub','2022-11-27 19:21:59',1,0),(294,'markerhub','2022-11-27 19:22:58',0,1),(295,'markerhub','2022-11-27 19:22:58',1,0),(296,'markerhub','2022-11-27 19:23:03',1,0),(297,'h321','2022-11-27 19:24:33',2,0),(298,'markerhub','2022-11-27 19:24:44',2,0),(299,'markerhub','2022-11-27 19:24:46',1,1),(300,'markerhub','2022-11-27 19:24:46',2,0),(301,'h321','2022-11-27 19:29:00',1,1),(302,'markerhub','2022-11-27 19:29:02',0,1),(303,'markerhub','2022-11-27 19:29:02',0,1),(304,'markerhub','2022-11-27 19:29:02',0,1),(305,'markerhub','2022-11-27 19:29:03',1,0),(306,'markerhub','2022-11-27 19:29:03',1,0),(307,'markerhub','2022-11-27 19:32:38',0,1),(308,'markerhub','2022-11-27 19:32:38',0,1),(309,'markerhub','2022-11-27 19:32:39',1,0),(310,'markerhub','2022-11-27 19:32:39',1,0),(311,'markerhub','2022-11-27 19:32:46',0,1),(312,'markerhub','2022-11-27 19:32:46',1,0),(313,'markerhub','2022-11-27 19:32:46',0,1),(314,'markerhub','2022-11-27 19:32:46',1,0),(315,'markerhub','2022-11-27 19:33:18',0,1),(316,'markerhub','2022-11-27 19:33:18',0,1),(317,'markerhub','2022-11-27 19:33:18',1,0),(318,'markerhub','2022-11-27 19:33:18',1,0),(319,'markerhub','2022-11-27 19:33:23',0,1),(320,'markerhub','2022-11-27 19:33:23',1,0),(321,'markerhub','2022-11-27 19:33:23',0,1),(322,'markerhub','2022-11-27 19:33:23',1,0),(323,'markerhub','2022-11-27 19:33:40',0,1),(324,'markerhub','2022-11-27 19:33:40',0,1),(325,'markerhub','2022-11-27 19:33:41',1,0),(326,'markerhub','2022-11-27 19:33:41',1,0),(327,'markerhub','2022-11-27 19:34:23',0,1),(328,'markerhub','2022-11-27 19:34:23',0,1),(329,'markerhub','2022-11-27 19:34:24',1,0),(330,'markerhub','2022-11-27 19:34:41',0,1),(331,'markerhub','2022-11-27 19:34:42',1,0),(332,'markerhub','2022-11-27 20:18:42',1,0),(333,'markerhub','2022-11-28 05:41:33',1,0),(334,'markerhub','2022-11-28 05:42:17',1,0),(335,'markerhub','2022-11-28 05:42:46',0,1),(336,'markerhub','2022-11-28 05:42:46',0,1),(337,'markerhub','2022-11-28 05:42:48',1,0),(338,'markerhub','2022-11-28 05:47:29',0,1),(339,'markerhub','2022-11-28 05:59:23',1,0),(340,'markerhub','2022-11-28 06:02:47',0,1),(341,'markerhub','2022-11-28 06:02:49',1,0),(342,'markerhub','2022-11-28 06:03:29',0,1),(343,'markerhub','2022-11-28 06:03:30',1,0),(344,'markerhub','2022-11-28 06:48:44',0,1),(345,'markerhub','2022-11-28 06:48:46',1,0),(346,'markerhub','2022-11-28 06:50:47',1,0),(347,'markerhub','2022-11-28 06:52:26',0,1),(348,'markerhub','2022-11-28 06:52:29',1,0),(349,'markerhub','2022-11-28 06:53:32',0,1),(350,'markerhub','2022-11-28 06:53:35',1,0),(351,'markerhub','2022-11-28 06:54:22',0,1),(352,'markerhub','2022-11-28 06:54:24',1,0),(353,'markerhub','2022-11-28 07:09:46',0,1),(354,'markerhub','2022-11-28 08:07:39',1,0),(355,'markerhub','2022-11-28 08:07:52',0,1),(356,'markerhub','2022-11-28 08:07:53',1,0),(357,'markerhub','2022-11-28 08:14:49',0,1),(358,'markerhub','2022-11-28 08:14:50',1,0),(359,'markerhub','2022-11-28 08:20:09',0,1),(360,'markerhub','2022-11-28 08:20:10',1,0),(361,'markerhub','2022-11-28 08:23:39',0,1),(362,'markerhub','2022-11-28 08:23:40',1,0),(363,'markerhub','2022-11-28 08:26:44',0,1),(364,'markerhub','2022-11-28 08:26:46',1,0),(365,'markerhub','2022-11-28 08:29:57',0,1),(366,'markerhub','2022-11-28 08:29:58',1,0),(367,'markerhub','2022-11-28 08:35:48',0,1),(368,'markerhub','2022-11-28 08:35:49',1,0),(369,'markerhub','2022-11-28 08:36:34',0,1),(370,'markerhub','2022-11-28 08:36:35',1,0),(371,'markerhub','2022-11-28 08:44:33',0,1),(372,'markerhub','2022-11-28 08:44:33',1,0),(373,'markerhub','2022-11-28 08:45:05',0,1),(374,'markerhub','2022-11-28 08:45:06',1,0),(375,'markerhub','2022-11-28 08:59:53',0,1),(376,'markerhub','2022-11-28 08:59:55',1,0),(377,'markerhub','2022-11-28 09:00:47',0,1),(378,'markerhub','2022-11-28 09:00:47',1,0),(379,'markerhub','2022-11-28 09:07:56',0,1),(380,'markerhub','2022-11-28 09:07:57',1,0),(381,'markerhub','2022-11-28 09:21:28',0,1),(382,'markerhub','2022-11-28 09:21:29',1,0),(383,'markerhub','2022-11-28 09:28:54',0,1),(384,'markerhub','2022-11-28 09:28:55',1,0),(385,'markerhub','2022-11-28 09:31:53',0,1),(386,'markerhub','2022-11-28 09:31:55',1,0),(387,'markerhub','2022-11-28 09:38:12',0,1),(388,'markerhub','2022-11-28 09:55:54',1,0),(389,'markerhub','2022-11-28 10:16:36',0,1),(390,'markerhub','2022-11-28 10:16:37',1,0),(391,'markerhub','2022-11-28 10:30:46',1,0),(392,'markerhub','2022-11-28 10:31:15',0,1),(393,'markerhub','2022-11-28 10:31:18',1,0),(394,'markerhub','2022-11-28 10:31:48',0,1),(395,'markerhub','2022-11-28 10:31:51',1,0),(396,'markerhub','2022-11-28 10:42:20',0,1),(397,'markerhub','2022-11-28 10:42:22',1,0),(398,'markerhub','2022-11-28 10:44:12',0,1),(399,'markerhub','2022-11-28 11:36:21',1,0),(400,'markerhub','2022-11-28 11:38:27',0,1),(401,'markerhub','2022-11-28 11:38:28',1,0),(402,'markerhub','2022-11-28 11:38:48',0,1),(403,'markerhub','2022-11-28 11:38:48',1,0),(404,'markerhub','2022-11-28 11:41:48',1,0),(405,'markerhub','2022-11-28 11:43:35',0,1),(406,'markerhub','2022-11-28 11:52:52',1,0),(407,'markerhub','2022-11-28 11:52:59',0,1),(408,'markerhub','2022-11-28 11:52:59',1,0),(409,'markerhub','2022-11-28 11:53:24',0,1),(410,'markerhub','2022-11-28 11:53:25',1,0),(411,'markerhub','2022-11-28 11:57:07',1,0),(412,'markerhub','2022-11-28 11:58:25',1,0),(413,'markerhub','2022-11-28 11:59:22',0,1),(414,'markerhub','2022-11-28 11:59:23',1,0),(415,'markerhub','2022-11-28 12:04:49',0,1),(416,'markerhub','2022-11-28 13:04:13',1,0),(417,'markerhub','2022-11-28 13:06:11',0,1),(418,'markerhub','2022-11-28 13:31:09',1,0),(419,'markerhub','2022-11-28 13:32:56',0,1),(420,'markerhub','2022-11-28 13:57:25',1,0),(421,'markerhub','2022-11-28 13:58:11',1,0),(422,'markerhub','2022-11-28 14:59:53',1,0),(423,'markerhub','2022-11-28 15:03:13',0,1),(424,'markerhub','2022-11-28 15:03:16',1,0),(425,'markerhub','2022-11-28 15:54:41',1,0),(426,'markerhub','2022-11-28 15:55:12',0,1),(427,'markerhub','2022-11-28 15:55:12',1,0),(428,'markerhub','2022-11-28 15:55:22',0,1),(429,'markerhub','2022-11-28 15:55:33',1,0),(430,'markerhub','2022-11-28 15:56:22',1,0),(431,'markerhub','2022-11-28 15:56:35',0,1),(432,'markerhub','2022-11-28 15:56:47',1,0),(433,'markerhub','2022-11-28 15:57:08',0,1),(434,'markerhub','2022-11-28 16:01:15',1,0),(435,'markerhub','2022-11-28 16:01:36',0,1),(436,'markerhub','2022-11-28 16:02:44',1,0),(437,'markerhub','2022-11-28 16:03:46',0,1),(438,'markerhub','2022-11-28 16:03:49',1,0),(439,'markerhub','2022-11-28 16:12:12',0,1),(440,'markerhub','2022-11-28 16:12:15',1,0),(441,'markerhub','2022-11-28 16:13:05',1,0),(442,'markerhub','2022-11-28 16:13:43',0,1),(443,'markerhub','2022-11-28 16:14:16',1,0),(444,'markerhub','2022-11-28 16:15:25',1,0),(445,'markerhub','2022-11-28 16:20:10',0,1),(446,'markerhub','2022-11-28 16:20:11',1,0),(447,'markerhub','2022-11-28 16:43:11',0,1),(448,'markerhub','2022-11-28 16:43:14',1,0),(449,'markerhub','2022-11-28 16:44:11',0,1),(450,'markerhub','2022-11-28 16:44:14',1,0),(451,'markerhub','2022-11-28 16:45:53',1,0),(452,'markerhub','2022-11-28 16:46:03',0,1),(453,'markerhub','2022-11-28 16:49:53',1,0),(454,'markerhub','2022-11-28 16:50:36',0,1),(455,'markerhub','2022-11-28 16:50:37',1,0),(456,'markerhub','2022-11-28 16:53:01',0,1),(457,'markerhub','2022-11-28 16:53:03',1,0),(458,'markerhub','2022-11-28 16:53:24',0,1),(459,'markerhub','2022-11-28 16:53:25',1,0),(460,'markerhub','2022-11-28 16:53:43',0,1),(461,'markerhub','2022-11-28 16:53:44',1,0),(462,'markerhub','2022-11-28 17:03:49',0,1),(463,'markerhub','2022-11-28 17:03:50',1,0),(464,'markerhub','2022-11-28 17:06:03',1,0),(465,'markerhub','2022-11-28 17:08:33',0,1),(466,'markerhub','2022-11-28 17:08:34',1,0),(467,'markerhub','2022-11-28 17:09:43',0,1),(468,'markerhub','2022-11-28 17:09:44',1,0),(469,'markerhub','2022-11-28 17:09:55',0,1),(470,'markerhub','2022-11-28 17:09:56',1,0),(471,'markerhub','2022-11-28 17:11:42',0,1),(472,'markerhub','2022-11-28 17:11:44',1,0),(473,'markerhub','2022-11-28 17:13:15',0,1),(474,'markerhub','2022-11-28 17:13:16',1,0),(475,'markerhub','2022-11-28 17:13:39',0,1),(476,'markerhub','2022-11-28 17:13:40',1,0),(477,'markerhub','2022-11-28 17:13:49',0,1),(478,'markerhub','2022-11-28 17:13:50',1,0),(479,'markerhub','2022-11-28 17:14:02',0,1),(480,'markerhub','2022-11-28 17:14:03',1,0),(481,'markerhub','2022-11-28 17:14:32',0,1),(482,'markerhub','2022-11-28 17:14:44',1,0),(483,'markerhub','2022-11-28 17:36:34',1,0),(484,'markerhub','2022-11-28 17:41:37',1,0),(485,'markerhub','2022-11-28 17:46:31',1,0),(486,'markerhub','2022-11-28 17:49:45',0,1),(487,'markerhub','2022-11-28 17:50:29',1,0),(488,'markerhub','2022-11-28 17:51:51',0,1),(489,'markerhub','2022-11-28 17:58:27',1,0),(490,'markerhub','2022-11-28 18:18:25',1,0),(491,'markerhub','2022-11-28 18:22:02',0,1),(492,'markerhub','2022-11-28 18:22:04',1,0),(493,'markerhub','2022-11-28 18:24:36',0,1),(494,'markerhub','2022-11-28 18:24:38',1,0),(495,'markerhub','2022-11-28 18:41:53',0,1),(496,'markerhub','2022-11-28 18:41:54',1,0),(497,'markerhub','2022-11-28 18:44:00',0,1),(498,'markerhub','2022-11-28 18:44:02',1,0),(499,'markerhub','2022-11-28 18:45:19',0,1),(500,'markerhub','2022-11-28 18:45:20',1,0),(501,'markerhub','2022-11-28 18:45:58',0,1),(502,'markerhub','2022-11-28 18:46:02',1,0),(503,'markerhub','2022-11-28 19:18:06',0,1),(504,'markerhub','2022-11-28 19:18:08',1,0),(505,'markerhub','2022-11-28 19:33:19',0,1),(506,'markerhub','2022-11-28 19:33:19',0,1),(507,'markerhub','2022-11-29 12:26:58',1,0),(508,'markerhub','2022-11-29 12:36:40',0,1),(509,'markerhub','2022-11-29 12:36:42',1,0),(510,'markerhub','2022-11-29 12:37:19',0,1),(511,'markerhub','2022-11-29 12:37:20',1,0),(512,'markerhub','2022-11-29 12:38:13',0,1),(513,'markerhub','2022-11-29 12:38:14',1,0),(514,'markerhub','2022-11-29 12:39:46',0,1),(515,'markerhub','2022-11-29 12:39:46',1,0),(516,'markerhub','2022-11-29 12:40:00',0,1),(517,'markerhub','2022-11-29 12:40:00',1,0),(518,'markerhub','2022-11-29 12:40:04',0,1),(519,'markerhub','2022-11-29 12:40:04',1,0),(520,'markerhub','2022-11-29 12:41:30',0,1),(521,'markerhub','2022-11-29 12:41:32',1,0),(522,'markerhub','2022-11-29 12:49:06',0,1),(523,'markerhub','2022-11-29 13:12:13',1,0),(524,'markerhub','2022-11-29 13:12:25',0,1),(525,'markerhub','2022-11-29 13:12:26',1,0),(526,'markerhub','2022-11-29 13:12:33',0,1),(527,'markerhub','2022-11-29 13:12:39',1,0),(528,'markerhub','2022-11-29 13:12:48',0,1),(529,'markerhub','2022-11-29 13:13:04',1,0),(530,'markerhub','2022-11-29 13:13:13',0,1),(531,'markerhub','2022-11-29 13:13:55',1,0),(532,'markerhub','2022-11-29 13:15:52',0,1),(533,'markerhub','2022-11-29 13:15:58',1,0),(534,'markerhub','2022-11-29 13:43:16',1,0),(535,'markerhub','2022-11-29 13:48:04',0,1),(536,'markerhub','2022-11-29 13:50:43',1,0),(537,'markerhub','2022-11-29 13:52:11',0,1),(538,'markerhub','2022-11-29 13:52:11',1,0),(539,'markerhub','2022-11-29 13:53:18',0,1),(540,'markerhub','2022-11-29 13:53:20',1,0),(541,'markerhub','2022-11-29 14:12:49',0,1),(542,'markerhub','2022-11-29 14:13:53',1,0),(543,'markerhub','2022-11-29 14:28:53',0,1),(544,'markerhub','2022-11-29 14:28:53',1,0),(545,'markerhub','2022-11-29 14:30:16',1,0),(546,'markerhub','2022-11-29 14:34:02',0,1),(547,'markerhub','2022-11-29 14:34:02',1,0),(548,'markerhub','2022-11-29 14:36:54',0,1),(549,'markerhub','2022-11-29 14:36:54',1,0),(550,'markerhub','2022-11-29 14:37:15',0,1),(551,'markerhub','2022-11-29 14:37:15',0,1),(552,'markerhub','2022-11-29 14:37:18',1,0),(553,'markerhub','2022-11-29 14:42:27',0,1),(554,'markerhub','2022-11-29 14:42:29',1,0),(555,'markerhub','2022-11-29 14:42:54',0,1),(556,'markerhub','2022-11-29 14:42:55',1,0),(557,'markerhub','2022-11-29 14:43:16',0,1),(558,'markerhub','2022-11-29 14:43:17',1,0),(559,'markerhub','2022-11-29 14:54:07',0,1),(560,'markerhub','2022-11-29 15:04:10',1,0),(561,'markerhub','2022-11-29 15:04:58',0,1),(562,'markerhub','2022-11-29 15:04:59',1,0),(563,'markerhub','2022-11-29 15:06:04',0,1),(564,'markerhub','2022-11-29 15:06:05',1,0),(565,'markerhub','2022-11-29 15:06:33',0,1),(566,'markerhub','2022-11-29 15:06:34',1,0),(567,'markerhub','2022-11-29 15:07:13',0,1),(568,'markerhub','2022-11-29 15:07:14',1,0),(569,'markerhub','2022-11-29 15:09:05',0,1),(570,'markerhub','2022-11-29 15:09:07',1,0),(571,'markerhub','2022-11-29 15:17:56',0,1),(572,'markerhub','2022-11-29 15:51:10',1,0),(573,'markerhub','2022-11-29 15:52:25',0,1),(574,'markerhub','2022-11-29 15:52:26',1,0),(575,'markerhub','2022-11-29 16:43:36',0,1),(576,'markerhub','2022-11-29 16:43:37',1,0),(577,'markerhub','2022-11-29 16:48:21',0,1),(578,'markerhub','2022-11-29 16:48:22',1,0),(579,'markerhub','2022-11-29 16:59:15',1,0),(580,'markerhub','2022-11-29 17:07:42',1,0),(581,'markerhub','2022-11-29 17:16:16',0,1),(582,'markerhub','2022-11-29 17:16:18',1,0),(583,'markerhub','2022-11-29 17:33:18',1,0),(584,'markerhub','2022-11-29 17:39:17',0,1),(585,'markerhub','2022-11-29 17:39:19',1,0),(586,'markerhub','2022-11-29 17:40:53',1,0),(587,'markerhub','2022-11-29 17:44:27',0,1),(588,'markerhub','2022-11-29 17:44:30',1,0),(589,'markerhub','2022-11-29 17:45:17',0,1),(590,'markerhub','2022-11-29 17:45:20',1,0),(591,'markerhub','2022-11-29 17:45:40',0,1),(592,'markerhub','2022-11-29 17:45:43',1,0),(593,'markerhub','2022-11-29 17:46:45',0,1),(594,'markerhub','2022-11-29 17:46:47',1,0),(595,'markerhub','2022-11-29 17:47:34',0,1),(596,'markerhub','2022-11-29 17:47:36',1,0),(597,'markerhub','2022-11-29 17:50:30',0,1),(598,'markerhub','2022-11-29 17:50:30',1,0),(599,'markerhub','2022-11-29 17:58:32',0,1),(600,'markerhub','2022-11-29 17:58:33',1,0),(601,'markerhub','2022-11-29 18:17:56',0,1),(602,'markerhub','2022-11-29 18:17:58',1,0),(603,'markerhub','2022-11-29 18:21:45',0,1),(604,'markerhub','2022-11-29 18:21:46',1,0),(605,'markerhub','2022-11-29 18:22:56',0,1),(606,'markerhub','2022-11-29 18:22:57',1,0),(607,'markerhub','2022-11-29 18:25:53',0,1),(608,'markerhub','2022-11-29 18:25:54',1,0),(609,'markerhub','2022-11-29 18:26:20',0,1),(610,'markerhub','2022-11-29 18:26:22',1,0),(611,'markerhub','2022-11-29 18:26:53',0,1),(612,'markerhub','2022-11-29 18:26:55',1,0),(613,'markerhub','2022-11-29 18:27:17',0,1),(614,'markerhub','2022-11-29 18:27:18',1,0),(615,'markerhub','2022-11-29 18:27:36',0,1),(616,'markerhub','2022-11-29 18:27:38',1,0),(617,'markerhub','2022-11-29 18:28:23',0,1),(618,'markerhub','2022-11-29 18:28:24',1,0),(619,'markerhub','2022-11-29 18:28:53',0,1),(620,'markerhub','2022-11-29 18:28:54',1,0),(621,'markerhub','2022-11-29 18:29:12',0,1),(622,'markerhub','2022-11-29 18:29:13',1,0),(623,'markerhub','2022-11-29 18:30:01',0,1),(624,'markerhub','2022-11-29 18:30:02',1,0),(625,'markerhub','2022-11-29 18:30:39',0,1),(626,'markerhub','2022-11-29 18:30:40',1,0),(627,'markerhub','2022-11-29 18:31:26',0,1),(628,'markerhub','2022-11-29 18:31:27',1,0),(629,'markerhub','2022-11-29 18:31:46',0,1),(630,'markerhub','2022-11-29 18:31:47',1,0),(631,'markerhub','2022-11-29 18:42:15',0,1),(632,'markerhub','2022-11-29 18:42:16',1,0),(633,'markerhub','2022-11-29 18:42:55',0,1),(634,'markerhub','2022-11-29 18:42:56',1,0),(635,'markerhub','2022-11-29 18:51:52',0,1),(636,'markerhub','2022-11-29 18:51:53',1,0),(637,'markerhub','2022-11-29 18:52:46',0,1),(638,'markerhub','2022-11-29 18:52:47',1,0),(639,'markerhub','2022-11-29 19:10:05',0,1),(640,'markerhub','2022-11-29 19:10:06',1,0),(641,'markerhub','2022-11-29 19:14:11',0,1),(642,'markerhub','2022-11-29 19:14:11',1,0),(643,'markerhub','2022-11-30 03:15:59',1,0),(644,'markerhub','2022-11-30 03:27:53',0,1),(645,'markerhub','2022-11-30 04:12:12',1,0),(646,'markerhub','2022-11-30 04:21:37',0,1),(647,'markerhub','2022-11-30 04:21:38',1,0),(648,'markerhub','2022-11-30 04:24:29',0,1),(649,'markerhub','2022-11-30 04:24:30',1,0),(650,'markerhub','2022-11-30 04:25:51',0,1),(651,'markerhub','2022-11-30 04:25:53',1,0),(652,'markerhub','2022-11-30 04:26:32',0,1),(653,'markerhub','2022-11-30 04:26:34',1,0),(654,'markerhub','2022-11-30 04:27:00',0,1),(655,'markerhub','2022-11-30 04:27:01',1,0),(656,'markerhub','2022-11-30 04:32:27',0,1),(657,'markerhub','2022-11-30 04:32:30',1,0),(658,'markerhub','2022-11-30 04:35:22',0,1),(659,'markerhub','2022-11-30 04:35:25',1,0),(660,'markerhub','2022-11-30 04:36:08',0,1),(661,'markerhub','2022-11-30 04:36:10',1,0),(662,'markerhub','2022-11-30 04:37:44',0,1),(663,'markerhub','2022-11-30 04:37:46',1,0),(664,'markerhub','2022-11-30 04:38:16',0,1),(665,'markerhub','2022-11-30 04:38:17',1,0),(666,'markerhub','2022-11-30 04:46:33',0,1),(667,'markerhub','2022-11-30 04:46:34',1,0),(668,'markerhub','2022-11-30 05:02:18',0,1),(669,'markerhub','2022-11-30 05:02:19',1,0),(670,'markerhub','2022-11-30 05:03:48',0,1),(671,'markerhub','2022-11-30 05:03:49',1,0),(672,'markerhub','2022-11-30 05:04:08',0,1),(673,'markerhub','2022-11-30 05:04:08',1,0),(674,'markerhub','2022-11-30 06:20:15',1,0),(675,'markerhub','2022-11-30 06:21:34',0,1),(676,'markerhub','2022-11-30 06:21:36',1,0),(677,'markerhub','2022-11-30 06:35:24',0,1),(678,'markerhub','2022-11-30 06:40:13',1,0),(679,'markerhub','2022-11-30 06:46:49',1,0),(680,'markerhub','2022-11-30 06:49:56',0,1),(681,'markerhub','2022-11-30 06:49:57',1,0),(682,'markerhub','2022-11-30 06:50:09',0,1),(683,'markerhub','2022-11-30 06:50:11',1,0),(684,'markerhub','2022-11-30 06:50:58',0,1),(685,'markerhub','2022-11-30 06:51:00',1,0),(686,'markerhub','2022-11-30 06:51:39',0,1),(687,'markerhub','2022-11-30 06:51:40',1,0),(688,'markerhub','2022-11-30 06:53:13',0,1),(689,'markerhub','2022-11-30 06:53:15',1,0),(690,'markerhub','2022-11-30 06:53:22',0,1),(691,'markerhub','2022-11-30 06:53:34',1,0),(692,'markerhub','2022-11-30 06:55:09',0,1),(693,'markerhub','2022-11-30 06:55:11',1,0),(694,'markerhub','2022-11-30 06:55:18',0,1),(695,'markerhub','2022-11-30 06:55:20',1,0),(696,'markerhub','2022-11-30 06:56:01',0,1),(697,'markerhub','2022-11-30 06:56:03',1,0),(698,'markerhub','2022-11-30 07:15:40',1,0),(699,'markerhub','2022-11-30 07:21:26',1,0),(700,'markerhub','2022-11-30 07:22:14',0,1),(701,'markerhub','2022-11-30 07:34:12',1,0),(702,'markerhub','2022-11-30 07:34:44',0,1),(703,'markerhub','2022-11-30 07:34:44',1,0),(704,'markerhub','2022-11-30 07:35:57',0,1),(705,'markerhub','2022-11-30 07:35:58',1,0),(706,'markerhub','2022-11-30 07:36:02',0,1),(707,'markerhub','2022-11-30 07:36:02',1,0),(708,'markerhub','2022-11-30 07:36:05',0,1),(709,'markerhub','2022-11-30 07:36:06',1,0),(710,'markerhub','2022-11-30 07:36:20',0,1),(711,'markerhub','2022-11-30 07:36:22',1,0),(712,'markerhub','2022-11-30 07:37:28',0,1),(713,'markerhub','2022-11-30 07:37:30',1,0),(714,'markerhub','2022-11-30 07:38:12',0,1),(715,'markerhub','2022-11-30 07:38:15',1,0),(716,'markerhub','2022-11-30 07:40:12',0,1),(717,'markerhub','2022-11-30 07:40:13',1,0),(718,'markerhub','2022-11-30 07:40:26',0,1),(719,'markerhub','2022-11-30 07:40:27',1,0),(720,'markerhub','2022-11-30 07:41:49',0,1),(721,'markerhub','2022-11-30 07:41:49',1,0),(722,'markerhub','2022-11-30 07:42:01',0,1),(723,'markerhub','2022-11-30 07:42:04',1,0),(724,'markerhub','2022-11-30 07:42:27',0,1),(725,'markerhub','2022-11-30 07:42:29',1,0),(726,'markerhub','2022-11-30 07:43:03',0,1),(727,'markerhub','2022-11-30 07:43:05',1,0),(728,'markerhub','2022-11-30 07:45:29',0,1),(729,'markerhub','2022-11-30 07:45:30',1,0),(730,'markerhub','2022-11-30 07:47:04',0,1),(731,'markerhub','2022-11-30 07:47:05',1,0),(732,'markerhub','2022-11-30 07:47:33',0,1),(733,'markerhub','2022-11-30 07:47:34',1,0),(734,'markerhub','2022-11-30 07:47:46',0,1),(735,'markerhub','2022-11-30 07:47:46',1,0),(736,'markerhub','2022-11-30 07:48:30',0,1),(737,'markerhub','2022-11-30 07:48:31',1,0),(738,'markerhub','2022-11-30 07:58:10',1,0),(739,'markerhub','2022-11-30 07:58:33',0,1),(740,'markerhub','2022-11-30 07:58:33',1,0),(741,'markerhub','2022-11-30 07:59:32',0,1),(742,'markerhub','2022-11-30 07:59:34',1,0),(743,'markerhub','2022-11-30 08:00:18',0,1),(744,'markerhub','2022-11-30 08:00:20',1,0),(745,'markerhub','2022-11-30 08:00:58',0,1),(746,'markerhub','2022-11-30 08:01:01',1,0),(747,'markerhub','2022-11-30 08:03:08',0,1),(748,'markerhub','2022-11-30 08:03:09',1,0),(749,'markerhub','2022-11-30 08:03:49',0,1),(750,'markerhub','2022-11-30 08:03:50',1,0),(751,'markerhub','2022-11-30 08:04:59',0,1),(752,'markerhub','2022-11-30 08:05:00',1,0),(753,'markerhub','2022-11-30 08:05:51',0,1),(754,'markerhub','2022-11-30 08:14:16',1,0),(755,'markerhub','2022-11-30 08:15:01',0,1),(756,'markerhub','2022-11-30 08:15:02',1,0),(757,'markerhub','2022-11-30 08:31:18',0,1),(758,'markerhub','2022-11-30 08:31:19',1,0),(759,'markerhub','2022-11-30 08:31:27',0,1),(760,'markerhub','2022-11-30 08:31:27',1,0),(761,'markerhub','2022-11-30 08:32:22',0,1),(762,'markerhub','2022-11-30 08:41:11',1,0),(763,'markerhub','2022-11-30 09:40:25',0,1),(764,'markerhub','2022-11-30 12:35:13',1,0),(765,'markerhub','2022-11-30 12:35:59',0,1),(766,'markerhub','2022-11-30 12:36:00',1,0),(767,'markerhub','2022-11-30 12:40:58',0,1),(768,'markerhub','2022-11-30 12:41:00',1,0),(769,'markerhub','2022-11-30 12:41:06',0,1),(770,'markerhub','2022-11-30 12:41:07',1,0),(771,'markerhub','2022-11-30 12:41:11',0,1),(772,'markerhub','2022-11-30 12:41:11',1,0),(773,'markerhub','2022-11-30 12:42:15',0,1),(774,'markerhub','2022-11-30 12:42:18',1,0),(775,'markerhub','2022-11-30 12:44:51',0,1),(776,'markerhub','2022-11-30 12:44:54',1,0),(777,'markerhub','2022-11-30 12:46:01',0,1),(778,'markerhub','2022-11-30 12:46:04',1,0),(779,'markerhub','2022-11-30 12:48:33',0,1),(780,'markerhub','2022-11-30 12:48:34',1,0),(781,'markerhub','2022-11-30 12:49:18',0,1),(782,'markerhub','2022-11-30 12:49:19',1,0),(783,'markerhub','2022-11-30 13:01:44',1,0),(784,'markerhub','2022-11-30 13:09:49',1,0),(785,'markerhub','2022-11-30 13:09:50',0,1),(786,'markerhub','2022-11-30 13:09:50',0,1),(787,'markerhub','2022-11-30 13:09:50',0,1),(788,'markerhub','2022-11-30 13:09:51',1,0),(789,'markerhub','2022-11-30 13:11:39',0,1),(790,'markerhub','2022-11-30 13:11:40',1,0),(791,'markerhub','2022-11-30 13:25:46',0,1),(792,'markerhub','2022-11-30 13:25:47',1,0),(793,'markerhub','2022-11-30 13:26:14',0,1),(794,'markerhub','2022-11-30 13:26:16',1,0),(795,'markerhub','2022-11-30 13:27:09',0,1),(796,'markerhub','2022-11-30 13:27:10',1,0),(797,'markerhub','2022-11-30 13:27:35',0,1),(798,'markerhub','2022-11-30 13:27:36',1,0),(799,'markerhub','2022-11-30 13:36:50',0,1),(800,'markerhub','2022-11-30 13:36:51',1,0),(801,'markerhub','2022-11-30 13:38:52',0,1),(802,'markerhub','2022-11-30 13:38:53',1,0),(803,'markerhub','2022-11-30 13:43:13',0,1),(804,'markerhub','2022-11-30 14:32:48',1,0),(805,'markerhub','2022-11-30 14:33:25',0,1),(806,'markerhub','2022-11-30 14:33:25',1,0),(807,'markerhub','2022-11-30 14:34:07',0,1),(808,'markerhub','2022-11-30 14:34:07',1,0),(809,'markerhub','2022-11-30 15:00:31',1,0),(810,'markerhub','2022-11-30 15:00:53',0,1),(811,'markerhub','2022-11-30 15:00:54',1,0),(812,'markerhub','2022-11-30 15:01:10',0,1),(813,'markerhub','2022-11-30 15:01:11',1,0),(814,'markerhub','2022-11-30 15:02:15',0,1),(815,'markerhub','2022-11-30 15:02:16',1,0),(816,'markerhub','2022-11-30 15:02:53',0,1),(817,'markerhub','2022-11-30 15:02:54',1,0),(818,'markerhub','2022-11-30 15:03:16',0,1),(819,'markerhub','2022-11-30 15:03:17',1,0),(820,'markerhub','2022-11-30 15:03:31',0,1),(821,'markerhub','2022-11-30 15:03:31',1,0),(822,'markerhub','2022-11-30 15:03:43',0,1),(823,'markerhub','2022-11-30 15:03:43',1,0),(824,'markerhub','2022-11-30 15:04:15',0,1),(825,'markerhub','2022-11-30 15:04:15',1,0),(826,'markerhub','2022-11-30 15:04:55',0,1),(827,'markerhub','2022-11-30 15:04:55',1,0),(828,'markerhub','2022-11-30 15:08:04',0,1),(829,'markerhub','2022-11-30 15:08:04',1,0),(830,'markerhub','2022-11-30 15:08:27',0,1),(831,'markerhub','2022-11-30 15:08:27',1,0),(832,'markerhub','2022-11-30 15:10:27',0,1),(833,'markerhub','2022-11-30 15:10:27',1,0),(834,'markerhub','2022-11-30 15:34:43',0,1),(835,'markerhub','2022-11-30 15:34:45',1,0),(836,'markerhub','2022-11-30 15:35:39',1,0),(837,'markerhub','2022-11-30 15:35:59',0,1),(838,'markerhub','2022-11-30 15:36:01',1,0),(839,'markerhub','2022-11-30 15:39:04',0,1),(840,'markerhub','2022-11-30 15:39:06',1,0),(841,'markerhub','2022-11-30 15:41:15',0,1),(842,'markerhub','2022-11-30 15:41:18',1,0),(843,'markerhub','2022-11-30 15:47:06',0,1),(844,'markerhub','2022-11-30 15:47:08',1,0),(845,'markerhub','2022-11-30 15:49:45',1,0),(846,'markerhub','2022-11-30 15:51:40',0,1),(847,'markerhub','2022-11-30 15:52:09',1,0),(848,'markerhub','2022-11-30 15:53:34',0,1),(849,'markerhub','2022-11-30 15:53:36',1,0),(850,'markerhub','2022-11-30 15:55:15',0,1),(851,'markerhub','2022-11-30 15:55:16',1,0),(852,'markerhub','2022-11-30 15:55:55',0,1),(853,'markerhub','2022-11-30 15:55:55',1,0),(854,'markerhub','2022-11-30 15:56:35',0,1),(855,'markerhub','2022-11-30 15:56:35',1,0),(856,'markerhub','2022-11-30 15:58:05',0,1),(857,'markerhub','2022-11-30 15:58:06',1,0),(858,'markerhub','2022-11-30 15:58:22',0,1),(859,'markerhub','2022-11-30 16:13:29',1,0),(860,'markerhub','2022-11-30 16:14:38',0,1),(861,'markerhub','2022-11-30 16:14:39',1,0),(862,'markerhub','2022-11-30 16:15:22',0,1),(863,'markerhub','2022-11-30 16:15:23',1,0),(864,'markerhub','2022-11-30 16:16:10',0,1),(865,'markerhub','2022-11-30 16:16:10',1,0),(866,'markerhub','2022-11-30 16:17:11',0,1),(867,'markerhub','2022-11-30 16:17:12',1,0),(868,'markerhub','2022-11-30 16:30:20',0,1),(869,'markerhub','2022-11-30 16:30:21',1,0),(870,'markerhub','2022-11-30 16:32:01',0,1),(871,'markerhub','2022-11-30 16:32:04',1,0),(872,'markerhub','2022-11-30 16:39:01',1,0),(873,'markerhub','2022-11-30 16:51:12',1,0),(874,'markerhub','2022-11-30 16:55:12',1,0),(875,'markerhub','2022-11-30 16:55:48',1,0),(876,'markerhub','2022-11-30 16:57:01',1,0),(877,'markerhub','2022-11-30 17:09:01',0,1),(878,'markerhub','2022-11-30 17:09:02',1,0),(879,'markerhub','2022-11-30 17:11:44',0,1),(880,'markerhub','2022-11-30 17:11:45',1,0),(881,'markerhub','2022-11-30 17:21:35',0,1),(882,'markerhub','2022-11-30 17:21:36',1,0),(883,'markerhub','2022-11-30 17:41:16',1,0),(884,'markerhub','2022-11-30 17:41:43',0,1),(885,'markerhub','2022-11-30 17:41:45',1,0),(886,'markerhub','2022-11-30 17:42:06',0,1),(887,'markerhub','2022-11-30 17:42:09',1,0),(888,'markerhub','2022-11-30 17:42:47',0,1),(889,'markerhub','2022-11-30 17:42:48',1,0),(890,'markerhub','2022-11-30 17:44:21',0,1),(891,'markerhub','2022-11-30 17:44:22',1,0),(892,'markerhub','2022-11-30 17:44:39',0,1),(893,'markerhub','2022-11-30 17:44:39',1,0),(894,'markerhub','2022-11-30 17:44:48',0,1),(895,'markerhub','2022-11-30 17:44:49',1,0),(896,'markerhub','2022-11-30 17:47:48',0,1),(897,'markerhub','2022-11-30 17:47:48',1,0),(898,'markerhub','2022-11-30 17:49:58',1,0),(899,'markerhub','2022-11-30 17:56:23',0,1),(900,'markerhub','2022-12-01 02:11:15',1,0),(901,'markerhub','2022-12-01 02:12:14',0,1),(902,'markerhub','2022-12-01 12:05:35',1,0),(903,'markerhub','2022-12-01 12:06:00',1,0),(904,'markerhub','2022-12-01 12:11:55',1,0),(905,'markerhub','2022-12-01 12:15:51',0,1),(906,'markerhub','2022-12-01 12:15:53',0,1),(907,'markerhub','2022-12-01 12:15:53',0,1),(908,'markerhub','2022-12-01 12:15:56',1,0),(909,'markerhub','2022-12-01 12:20:11',0,1),(910,'markerhub','2022-12-01 12:20:12',1,0),(911,'markerhub','2022-12-01 12:20:55',1,1),(912,'markerhub','2022-12-01 12:20:55',1,0),(913,'markerhub','2022-12-01 12:21:03',1,0),(914,'markerhub','2022-12-01 12:26:47',0,1),(915,'markerhub','2022-12-01 12:26:47',0,1),(916,'markerhub','2022-12-01 12:26:49',1,0),(917,'markerhub','2022-12-01 12:36:55',0,1),(918,'markerhub','2022-12-01 12:36:56',1,0),(919,'markerhub','2022-12-01 12:38:00',0,1),(920,'markerhub','2022-12-01 12:38:01',1,0),(921,'markerhub','2022-12-01 12:38:45',0,1),(922,'markerhub','2022-12-01 12:38:46',1,0),(923,'markerhub','2022-12-01 12:39:14',0,1),(924,'markerhub','2022-12-01 12:39:15',1,0),(925,'markerhub','2022-12-01 12:41:40',0,1),(926,'markerhub','2022-12-01 12:41:41',1,0),(927,'markerhub','2022-12-01 12:42:58',0,1),(928,'markerhub','2022-12-01 12:42:58',1,0),(929,'markerhub','2022-12-01 12:56:45',0,1),(930,'markerhub','2022-12-01 12:57:27',1,0),(931,'markerhub','2022-12-01 12:58:57',0,1),(932,'markerhub','2022-12-01 12:58:58',1,0),(933,'markerhub','2022-12-01 13:06:27',0,1),(934,'markerhub','2022-12-01 13:06:28',1,0),(935,'markerhub','2022-12-01 13:08:42',0,1),(936,'markerhub','2022-12-01 13:17:38',1,0),(937,'markerhub','2022-12-01 13:17:47',1,0),(938,'markerhub','2022-12-01 13:22:16',0,1),(939,'markerhub','2022-12-01 13:22:16',1,0),(940,'markerhub','2022-12-01 13:26:59',0,1),(941,'markerhub','2022-12-01 13:26:59',0,1),(942,'markerhub','2022-12-01 13:27:02',1,0),(943,'markerhub','2022-12-01 13:27:21',0,1),(944,'markerhub','2022-12-01 13:27:22',1,0),(945,'markerhub','2022-12-01 13:28:57',0,1),(946,'markerhub','2022-12-01 13:28:58',1,0),(947,'markerhub','2022-12-01 13:35:50',1,0),(948,'markerhub','2022-12-01 13:39:02',0,1),(949,'markerhub','2022-12-01 13:39:03',1,0),(950,'markerhub','2022-12-01 13:39:40',1,0),(951,'markerhub','2022-12-01 13:40:30',0,1),(952,'markerhub','2022-12-01 13:40:30',0,1),(953,'markerhub','2022-12-01 13:40:31',1,0),(954,'markerhub','2022-12-01 13:40:31',1,0),(955,'markerhub','2022-12-01 13:41:51',1,0),(956,'markerhub','2022-12-01 13:44:41',0,1),(957,'markerhub','2022-12-01 13:44:42',0,1),(958,'markerhub','2022-12-01 13:44:42',0,1),(959,'markerhub','2022-12-01 13:44:43',1,0),(960,'markerhub','2022-12-01 13:44:43',1,0),(961,'markerhub','2022-12-01 13:50:38',1,0),(962,'markerhub','2022-12-01 13:59:18',0,1),(963,'markerhub','2022-12-01 13:59:18',0,1),(964,'markerhub','2022-12-01 13:59:18',0,1),(965,'markerhub','2022-12-01 13:59:18',0,1),(966,'markerhub','2022-12-01 14:11:50',1,0),(967,'markerhub','2022-12-01 14:16:09',0,1),(968,'markerhub','2022-12-01 14:54:14',1,0),(969,'markerhub','2022-12-01 15:00:59',0,1),(970,'markerhub','2022-12-01 15:01:07',1,0),(971,'markerhub','2022-12-01 15:07:54',0,1),(972,'markerhub','2022-12-01 15:07:56',1,0),(973,'markerhub','2022-12-01 15:08:35',0,1),(974,'markerhub','2022-12-01 15:08:38',1,0),(975,'markerhub','2022-12-01 15:12:01',0,1),(976,'markerhub','2022-12-01 15:12:02',1,0),(977,'markerhub','2022-12-01 15:32:12',1,0),(978,'markerhub','2022-12-01 15:49:44',0,1),(979,'markerhub','2022-12-01 15:49:46',1,0),(980,'markerhub','2022-12-01 15:53:58',0,1),(981,'markerhub','2022-12-01 16:01:54',1,0),(982,'markerhub','2022-12-01 16:02:36',0,1),(983,'markerhub','2022-12-01 16:02:37',1,0),(984,'markerhub','2022-12-01 16:06:36',0,1),(985,'markerhub','2022-12-01 16:06:38',1,0),(986,'markerhub','2022-12-01 16:07:01',0,1),(987,'markerhub','2022-12-01 16:07:02',1,0),(988,'markerhub','2022-12-01 16:08:48',0,1),(989,'markerhub','2022-12-01 16:08:49',1,0),(990,'markerhub','2022-12-01 16:10:04',0,1),(991,'markerhub','2022-12-01 16:10:05',1,0),(992,'markerhub','2022-12-01 16:10:13',0,1),(993,'markerhub','2022-12-01 16:10:13',1,0),(994,'markerhub','2022-12-01 16:10:38',0,1),(995,'markerhub','2022-12-01 16:10:39',1,0),(996,'markerhub','2022-12-01 16:17:27',0,1),(997,'markerhub','2022-12-01 16:17:28',1,0),(998,'markerhub','2022-12-01 16:23:32',0,1),(999,'markerhub','2022-12-01 16:23:33',1,0),(1000,'markerhub','2022-12-01 16:41:23',1,0),(1001,'markerhub','2022-12-01 16:41:54',1,0),(1002,'markerhub','2022-12-01 16:41:54',0,1),(1003,'markerhub','2022-12-01 16:41:54',1,0),(1004,'markerhub','2022-12-01 16:42:41',0,1),(1005,'markerhub','2022-12-01 16:42:41',1,0),(1006,'markerhub','2022-12-01 16:42:41',1,0),(1007,'markerhub','2022-12-01 16:43:17',1,0),(1008,'markerhub','2022-12-01 16:43:17',0,1),(1009,'markerhub','2022-12-01 16:43:17',1,0),(1010,'markerhub','2022-12-01 16:59:45',0,1),(1011,'markerhub','2022-12-01 16:59:45',1,0),(1012,'markerhub','2022-12-01 17:01:18',0,1),(1013,'markerhub','2022-12-01 17:01:18',0,1),(1014,'markerhub','2022-12-01 17:01:18',0,1),(1015,'markerhub','2022-12-01 17:01:18',0,1),(1016,'markerhub','2022-12-01 17:01:18',0,1),(1017,'markerhub','2022-12-01 17:01:19',1,0),(1018,'markerhub','2022-12-01 17:02:09',0,1),(1019,'markerhub','2022-12-01 17:02:10',1,0),(1020,'markerhub','2022-12-01 17:02:42',0,1),(1021,'markerhub','2022-12-01 17:02:43',1,0),(1022,'markerhub','2022-12-01 17:03:44',0,1),(1023,'markerhub','2022-12-01 17:03:45',1,0),(1024,'markerhub','2022-12-01 17:05:29',1,0),(1025,'markerhub','2022-12-01 17:09:39',0,1),(1026,'markerhub','2022-12-01 17:09:39',1,0),(1027,'markerhub','2022-12-01 17:10:35',0,1),(1028,'markerhub','2022-12-01 17:10:35',1,0),(1029,'markerhub','2022-12-01 17:36:09',1,0),(1030,'markerhub','2022-12-01 17:36:30',0,1),(1031,'markerhub','2022-12-01 17:36:31',1,0),(1032,'markerhub','2022-12-01 17:38:27',1,0),(1033,'markerhub','2022-12-01 17:39:00',1,0),(1034,'markerhub','2022-12-01 17:39:08',1,0),(1035,'markerhub','2022-12-01 17:48:04',0,1),(1036,'markerhub','2022-12-01 17:48:04',0,1),(1037,'markerhub','2022-12-01 17:48:04',0,1),(1038,'markerhub','2022-12-01 17:48:04',0,1),(1039,'markerhub','2022-12-01 17:48:05',1,0),(1040,'markerhub','2022-12-01 17:48:53',0,1),(1041,'markerhub','2022-12-01 17:48:54',1,0),(1042,'markerhub','2022-12-01 17:49:21',0,1),(1043,'markerhub','2022-12-01 17:49:22',1,0),(1044,'markerhub','2022-12-01 17:51:11',0,1),(1045,'markerhub','2022-12-01 17:51:14',1,0),(1046,'markerhub','2022-12-01 17:53:43',0,1),(1047,'markerhub','2022-12-01 17:53:44',1,0),(1048,'markerhub','2022-12-01 17:53:55',0,1),(1049,'markerhub','2022-12-01 17:53:56',1,0),(1050,'markerhub','2022-12-01 19:10:06',1,0),(1051,'markerhub','2022-12-01 19:10:46',0,1),(1052,'markerhub','2022-12-01 19:10:47',1,0),(1053,'markerhub','2022-12-01 19:11:21',0,1),(1054,'markerhub','2022-12-01 19:11:22',1,0),(1055,'markerhub','2022-12-01 19:11:55',0,1),(1056,'markerhub','2022-12-01 19:11:56',1,0),(1057,'markerhub','2022-12-01 19:12:49',0,1),(1058,'markerhub','2022-12-01 19:12:50',1,0),(1059,'markerhub','2022-12-01 19:15:22',0,1),(1060,'markerhub','2022-12-01 19:15:23',1,0),(1061,'markerhub','2022-12-01 19:16:21',0,1),(1062,'markerhub','2022-12-01 19:16:22',1,0),(1063,'markerhub','2022-12-01 19:23:28',0,1),(1064,'markerhub','2022-12-01 19:23:29',1,0),(1065,'markerhub','2022-12-01 19:24:01',1,0),(1066,'markerhub','2022-12-01 19:45:16',0,1),(1067,'markerhub','2022-12-01 19:45:16',0,1),(1068,'markerhub','2022-12-01 19:45:17',1,0),(1069,'markerhub','2022-12-01 19:46:07',0,1),(1070,'markerhub','2022-12-01 19:46:08',1,0),(1071,'markerhub','2022-12-01 19:46:21',0,1),(1072,'markerhub','2022-12-01 19:46:22',1,0),(1073,'markerhub','2022-12-01 19:46:59',0,1),(1074,'markerhub','2022-12-01 19:47:00',1,0),(1075,'markerhub','2022-12-01 19:47:18',0,1),(1076,'markerhub','2022-12-01 19:47:19',1,0),(1077,'markerhub','2022-12-01 19:48:00',0,1),(1078,'markerhub','2022-12-01 19:48:01',1,0),(1079,'markerhub','2022-12-01 19:48:14',0,1),(1080,'markerhub','2022-12-01 19:48:15',1,0),(1081,'markerhub','2022-12-01 19:48:23',0,1),(1082,'markerhub','2022-12-01 19:48:24',1,0),(1083,'markerhub','2022-12-01 19:49:14',0,1),(1084,'markerhub','2022-12-01 19:49:15',1,0),(1085,'markerhub','2022-12-01 19:49:32',0,1),(1086,'markerhub','2022-12-01 19:49:33',1,0),(1087,'markerhub','2022-12-01 19:49:37',0,1),(1088,'markerhub','2022-12-01 19:49:38',1,0),(1089,'markerhub','2022-12-01 19:51:17',0,1),(1090,'markerhub','2022-12-01 19:51:18',1,0),(1091,'markerhub','2022-12-01 20:07:02',0,1),(1092,'markerhub','2022-12-01 20:07:03',1,0),(1093,'markerhub','2022-12-01 20:07:15',0,1),(1094,'markerhub','2022-12-01 20:07:16',1,0),(1095,'markerhub','2022-12-01 20:10:38',0,1),(1096,'markerhub','2022-12-01 20:10:41',1,0),(1097,'markerhub','2022-12-01 20:14:22',0,1),(1098,'markerhub','2022-12-01 20:14:23',1,0),(1099,'markerhub','2022-12-01 20:17:31',0,1),(1100,'markerhub','2022-12-01 20:17:32',1,0),(1101,'markerhub','2022-12-01 20:18:20',0,1),(1102,'markerhub','2022-12-01 20:18:21',1,0),(1103,'markerhub','2022-12-01 20:18:35',0,1),(1104,'markerhub','2022-12-01 20:18:36',1,0),(1105,'markerhub','2022-12-01 20:19:11',0,1),(1106,'markerhub','2022-12-01 20:19:11',1,0),(1107,'markerhub','2022-12-01 20:19:20',1,0),(1108,'markerhub','2022-12-01 20:27:30',0,1),(1109,'markerhub','2022-12-01 20:27:30',0,1),(1110,'markerhub','2022-12-01 20:27:31',1,0),(1111,'markerhub','2022-12-01 20:36:33',0,1),(1112,'markerhub','2022-12-01 20:36:34',1,0),(1113,'markerhub','2022-12-01 20:37:25',0,1),(1114,'markerhub','2022-12-01 20:37:25',1,0),(1115,'markerhub','2022-12-01 20:40:44',0,1),(1116,'markerhub','2022-12-01 20:40:46',1,0),(1117,'markerhub','2022-12-01 21:52:00',1,0),(1118,'markerhub','2022-12-01 21:55:58',0,1),(1119,'markerhub','2022-12-01 21:55:59',1,0),(1120,'markerhub','2022-12-01 21:56:53',0,1),(1121,'markerhub','2022-12-01 21:56:56',1,0),(1122,'markerhub','2022-12-01 21:57:12',0,1),(1123,'markerhub','2022-12-01 21:57:16',1,0),(1124,'markerhub','2022-12-01 22:04:46',1,0),(1125,'markerhub','2022-12-01 22:05:12',0,1),(1126,'markerhub','2022-12-01 22:10:12',1,0),(1127,'markerhub','2022-12-01 22:15:32',0,1),(1128,'markerhub','2022-12-01 22:15:33',1,0),(1129,'markerhub','2022-12-01 22:17:02',0,1),(1130,'markerhub','2022-12-01 22:17:03',1,0),(1131,'markerhub','2022-12-01 22:52:20',1,0),(1132,'markerhub','2022-12-01 22:52:20',1,0),(1133,'markerhub','2022-12-01 22:58:06',1,0),(1134,'markerhub','2022-12-01 22:59:46',1,0),(1135,'markerhub','2022-12-01 23:00:43',0,1),(1136,'markerhub','2022-12-01 23:00:44',1,0),(1137,'markerhub','2022-12-01 23:02:02',0,1),(1138,'markerhub','2022-12-01 23:02:05',1,0),(1139,'markerhub','2022-12-01 23:15:59',0,1),(1140,'markerhub','2022-12-01 23:15:59',1,0),(1141,'markerhub','2022-12-01 23:16:28',0,1),(1142,'markerhub','2022-12-01 23:16:30',1,0),(1143,'markerhub','2022-12-01 23:19:22',1,0),(1144,'markerhub','2022-12-01 23:21:14',1,0),(1145,'markerhub','2022-12-01 23:21:32',0,1),(1146,'markerhub','2022-12-01 23:21:34',1,0),(1147,'markerhub','2022-12-01 23:21:58',1,0),(1148,'markerhub','2022-12-01 23:32:29',1,0),(1149,'markerhub','2022-12-01 23:32:59',1,0),(1150,'markerhub','2022-12-01 23:36:39',1,0),(1151,'markerhub','2022-12-01 23:55:05',0,1),(1152,'markerhub','2022-12-01 23:55:06',1,0),(1153,'markerhub','2022-12-01 23:55:30',0,1),(1154,'markerhub','2022-12-01 23:55:34',1,0),(1155,'markerhub','2022-12-01 23:56:20',0,1),(1156,'markerhub','2022-12-01 23:56:23',1,0),(1157,'markerhub','2022-12-02 00:09:47',0,1),(1158,'markerhub','2022-12-02 00:09:50',1,0),(1159,'markerhub','2022-12-02 00:10:43',0,1),(1160,'markerhub','2022-12-02 00:10:45',1,0),(1161,'markerhub','2022-12-02 00:12:20',1,0),(1162,'markerhub','2022-12-02 00:17:53',1,0),(1163,'markerhub','2022-12-02 00:18:19',1,0),(1164,'markerhub','2022-12-02 00:18:27',1,0),(1165,'markerhub','2022-12-02 00:23:45',0,1),(1166,'markerhub','2022-12-02 00:23:46',1,0),(1167,'markerhub','2022-12-02 00:25:22',0,1),(1168,'markerhub','2022-12-02 00:25:24',1,0),(1169,'markerhub','2022-12-02 00:25:39',1,0),(1170,'markerhub','2022-12-02 00:25:54',0,1),(1171,'markerhub','2022-12-02 00:26:07',0,1),(1172,'markerhub','2022-12-02 00:26:10',1,0),(1173,'markerhub','2022-12-02 00:27:59',0,1),(1174,'markerhub','2022-12-02 00:28:02',1,0),(1175,'markerhub','2022-12-02 00:28:45',0,1),(1176,'markerhub','2022-12-02 00:28:47',1,0),(1177,'markerhub','2022-12-02 00:29:06',1,0),(1178,'markerhub','2022-12-02 00:29:14',1,0),(1179,'markerhub','2022-12-02 00:29:33',0,1),(1180,'markerhub','2022-12-02 00:29:34',0,1),(1181,'markerhub','2022-12-02 00:29:34',0,1),(1182,'markerhub','2022-12-02 00:29:34',0,1),(1183,'markerhub','2022-12-02 00:29:35',0,1),(1184,'markerhub','2022-12-02 00:29:42',1,0),(1185,'markerhub','2022-12-02 00:30:11',1,0),(1186,'markerhub','2022-12-02 00:30:18',1,0),(1187,'markerhub','2022-12-02 00:30:24',0,1),(1188,'markerhub','2022-12-02 00:30:25',0,1),(1189,'markerhub','2022-12-02 00:30:48',0,1),(1190,'markerhub','2022-12-02 00:30:49',1,0),(1191,'markerhub','2022-12-02 00:30:56',0,1),(1192,'markerhub','2022-12-02 00:30:57',1,0),(1193,'markerhub','2022-12-02 00:31:38',0,1),(1194,'markerhub','2022-12-02 00:31:41',1,0),(1195,'markerhub','2022-12-02 00:31:57',0,1),(1196,'markerhub','2022-12-02 00:32:01',1,0),(1197,'markerhub','2022-12-02 00:32:17',0,1),(1198,'markerhub','2022-12-02 00:32:18',1,0),(1199,'markerhub','2022-12-02 00:33:59',0,1),(1200,'markerhub','2022-12-02 00:34:01',1,0),(1201,'markerhub','2022-12-02 00:34:45',0,1),(1202,'markerhub','2022-12-02 00:34:46',1,0),(1203,'markerhub','2022-12-02 00:37:21',1,0),(1204,'markerhub','2022-12-02 00:37:28',1,0),(1205,'markerhub','2022-12-02 00:37:39',0,1),(1206,'markerhub','2022-12-02 00:37:40',0,1),(1207,'markerhub','2022-12-02 00:53:35',0,1),(1208,'markerhub','2022-12-02 00:53:36',1,0),(1209,'markerhub','2022-12-02 00:53:42',0,1),(1210,'markerhub','2022-12-02 00:53:43',1,0),(1211,'markerhub','2022-12-02 00:54:02',1,0),(1212,'markerhub','2022-12-02 00:54:14',1,0),(1213,'markerhub','2022-12-02 00:54:20',0,1),(1214,'markerhub','2022-12-02 01:00:17',0,1),(1215,'markerhub','2022-12-02 01:00:17',0,1),(1216,'markerhub','2022-12-02 01:07:27',1,0);
/*!40000 ALTER TABLE `visitor` ENABLE KEYS */;
UNLOCK TABLES;
/*!40103 SET TIME_ZONE=@OLD_TIME_ZONE */;

/*!40101 SET SQL_MODE=@OLD_SQL_MODE */;
/*!40014 SET FOREIGN_KEY_CHECKS=@OLD_FOREIGN_KEY_CHECKS */;
/*!40014 SET UNIQUE_CHECKS=@OLD_UNIQUE_CHECKS */;
/*!40101 SET CHARACTER_SET_CLIENT=@OLD_CHARACTER_SET_CLIENT */;
/*!40101 SET CHARACTER_SET_RESULTS=@OLD_CHARACTER_SET_RESULTS */;
/*!40101 SET COLLATION_CONNECTION=@OLD_COLLATION_CONNECTION */;
/*!40111 SET SQL_NOTES=@OLD_SQL_NOTES */;

-- Dump completed on 2022-12-02  9:09:27
